,region,title,director,year,yearForSort,format,language,keyword,keyword2,keyword3,producedBy,comments,link
,,Maacher Jhol / The Fish Curry,Abhishek Verma,2017,2017,Animation,"Hindi, English subtitles",Queer Movement,LGBTQ Narratives,Desire,,,
,,A Little More Blue,Sugandha Bansal,2019,2019,Animation,English,LGBTQ Narratives,Feminist Politics,Activism,,,https://www.youtube.com/watch?v=RRpdhNTjyIc
,,Out of Syllabus: Gender Identity ,Mihir Lele,2019,2019,Animation,English,Identity,LGBTQ Narratives,Feminist Politics,,,https://www.mihirlele.com/out-of-syllabus-gender-ident
,Meghalaya,Girl,Lapdiang Syiem,2020,2020,Animation,"Khasi, English subtitle",Culture,Feminist Politics,Religion,"State Resource Centre for Women, Social Welfare Dept., Government of Meghalaya",,https://www.youtube.com/watch?v=1TbsEOng3fQ
,,Feminine Fashions,K. L. Khandpur,1953,1990,Documentary,English,Culture,Feminist Politics,Identity,,,https://nearchive.in/view-video&content=5dba8c067842e
,Delhi,In Secular India,Mediastorm Collective,1986,1990,Documentary,,Law,Religion,Feminist Politics,,,
,Rajasthan,From The Burning Embers,Mediastorm Collective,1988,1990,Documentary,,Feminist Historiography,Violence,State and Citizenship,,,
,Rajasthan,Eyes of Stone,Nilita Vachani,1990,1990,Documentary,"Mewari, Hindi, English subtitles",Religion,Activism,,Doordarshan,,http://www.nilitavachani.com/eyes-of-stone-synopsis.html
,,Now I Will Speak,Sagari Chabra,1991,1991,Documentary,,Violence,State and Citizenship,,,,
,,Something Like A War,Deepa Dhanraj,1991,1991,Documentary,,State and Citizenship,Sexual and Reproductive Health,,,,
,Maharashtra,Kamlabai,Reena Mohan,1991,1991,Documentary,,Activism,Feminist Politics,,,,https://www.youtube.com/watch?v=kdpv1xCj4O8
,Gujarat,Ek Potlun Beek Nu/ A Bundleful of Fear,"Shabnam Virmani, Stalin K.",1992,1992,Documentary,"Gujarati, Hindi",Violence,Sexual and Reproductive Health,,,,
,Gujarat,Why did Kali die?/Kali Kem Mari?,"Shabnam Virmani, Stalin K.",1992,1992,Documentary,"Gujarati, English",Sexual and Reproductive Health,Culture,,,,
,Gujarat,Basti Se Basti Tak,"Shabnam Virmani, Stalin K.",1993,1993,Documentary,"Hindi, English",Activism,Feminist Politics,Violence,,,
,Maharashtra,The Boy in the Branch,Lalit Vachani,1993,1993,Documentary,,Religion,Violence,,Wide Eye Film,,
,,Khel,Saba Dewan,1994,1994,Documentary,,Desire,Identity,,,,
,Gujarat,Umati Umang Ni Damri / Hopes Soaring High,Shabnam Virmani,1994,1994,Documentary,"Gujarati, Marathi, English Hindi",Identity,Feminist Politics,,,,
,,The Hidden Story,"Shikha Jhingan, Ranjani Mazumdar",1995,1995,Documentary,,Identity,Feminist Politics,State and Citizenship,,,
,Madhya Pradesh,Tu Zinda Hai! / To Be Alive!,Shabnam Virmani,1995,1995,Documentary,"Hindi, English subtitles",Feminist Historiography,Activism,Identity,,,
,,Adha Asman / Half The Sky,Samina Mishra,1996,1996,Documentary,"Hindi, English",Sexual and Reproductive Health,Identity,,"British Council, India",,
,,Amrit Beeja / Eternal Seed,Meera Dewan,1996,1996,Documentary,,Feminist Politics,Identity,,Meera Dewan,,
,Gujarat,Gam Nathi Koi Panch nu/ The Self in Self-Rule,Stalin K.,1996,1996,Documentary,"Gujarati, English Hindi",Feminist Politics,State and Citizenship,,,,
,Andhra Pradesh,When Women Unite: The Story Of An Uprising / Aadavallu Ekamaite,Shabnam Virmani,1996,1996,Documentary,"Telegu, Hindi, English, Gujrati",Law,Feminist Historiography,,,,
,,Barf,Saba Dewan,1997,1997,Documentary,Hindi,Feminist Politics,Culture,,Action India,,https://vimeo.com/342534178
,,Three Women And A Camera,Sabeena Gadihoke,1998,1998,Documentary,,Activism,Feminist Politics,State and Citizenship,,,
,,Summer In My Vein,Nishit Saran,1999,1999,Documentary,,LGBTQ Narratives,Desire,Culture,,,https://www.youtube.com/watch?v=YU1I69f4uMs
,Gujarat,Aapno Avsar / It Is Our Turn Now,Shabnam Virmani,1999,1999,Documentary,"Gujarati, English Hindi",Feminist Historiography,State and Citizenship,Activism,,,
,Delhi,When Four Friends Meet,Rahul Roy,2000,2000,Documentary,Hindi,Desire,Culture,Identity,Rahul Roy,,https://vimeo.com/137594853
,Central India,Born At Home,Sameera Jain,2000,2000,Documentary,,Sexual and Reproductive Health,Culture,,,,https://www.cultureunplugged.com/documentary/watch-online/play/12111/Born-At-Home
,,Guhya,Kirtana Kumar,2000,2000,Documentary,English,Feminist Politics,Desire,,,,
,New Delhi,Girls In The Neighbourhood,Samina Mishra,2001,2001,Documentary,English,Development,Identity,,"Unicef, India",Part of Stories of Girlhood,
,Punjab,Of Love And Land,Samina Mishra,2001,2001,Documentary,English,Development,Identity,,"Unicef, India",Part of Stories of Girlhood,https://www.youtube.com/watch?v=6sw67IhCZu0
,Delhi,Majma,Rahul Roy,2001,2001,Documentary,Hindi,LGBTQ Narratives,Development,Sexual and Reproductive Health,,,https://vimeo.com/137825964
,,Sita's Family,Saba Dewan,2001,2001,Documentary,"Hindi, Punjabi, English",Feminist Historiography,Activism,,"PSBT, Doordarshan",,https://psbt.org/films/sitas-family/
,,Can't Take It Anymore,Meenakshi Rai,2001,2001,Documentary,"Hindi, English",Law,Violence,,PSBT,,https://www.youtube.com/watch?v=1E57UzuiBGE
,Punjab,Mirasans of Punjab: Born To Sing,Shikha Jhingan,2001,2001,Documentary,,Identity,Development,,,,
,,Colours Black,Mamta Murthy,2001,2001,Documentary,"English, Hindi, Konkani",Law,Violence,,,,https://vimeo.com/276026931
,Andhra Pradesh,Things I Never Did Before,Samina Mishra,2001,2001,Documentary,English,Development,State and Citizenship,,Unicef India,Part of Stories of Girlhood,
,,Unlimited Girls,Paromita Vohra,2002,2002,Documentary,English,Feminist Politics,Identity,,Sony DADC,,https://www.youtube.com/watch?v=PQWqRQfijUc
,"West Bengal, Maharashtra",In the Flesh,Bishakha Datta,2002,2002,Documentary,,Feminist Politics,Identity,Activism,,,
,West Bengal,Tales of The Night Fairies,Shohini Ghose,2002,2002,Documentary,Bengali,Feminist Politics,Identity,Activism,,,
,,Ki Katha Tahar Sathe / Sh...Sh...S(h)e,Debalina ,2002,2002,Documentary,Bengali,Identity,Activism,State and Citizenship,,,
,,The Men In The Tree,Lalit Vachani,2002,2002,Documentary,"English, Marathi, Hindi, Sanskrit",Religion,Violence,,Wide Eye Film,,
,Delhi,On My Own,Anupama Srinivasan,2003,2003,Documentary,English,Feminist Politics,Desire,,"PSBT, Doordarshan",,https://psbt.org/films/on-my-own/
,Uttar Pradesh,I Found My Way To School,Samina Mishra,2003,2003,Documentary,,Development,State and Citizenship,,,,
,Manipur,Soldiers In Sarong,Irom Maipak,2003,2003,Documentary,,Violence,Law,Identity,North East Network,,https://nearchive.in/view-video&content=5dc39fbc111a3
,Maharashtra,Ladies Special,Nidhi Tuli,2003,2003,Documentary,"English, Hindi, Marathi",Feminist Politics,Identity,,"PSBT, Doordashan",,https://psbt.org/films/ladies-special/
,Tamil Nadu,Shit,Amudhan R.P.,2003,2003,Documentary,"Tamil, English Subtitles",Identity,State and Citizenship,,,,https://www.youtube.com/watch?v=a0eWOHAvVn4
,,Shadows of Freedom,Sabina Kidwai,2004,2004,Documentary,"Urdu, Hindi, English",Identity,State and Citizenship,Religion,PSBT,,https://www.youtube.com/watch?v=-nWA-YzKd2E
,Meghalaya,When the Chief Minister Met the People,The Freedom Project,2004,2004,Documentary,"English, Khasi",Activism,Feminist Historiography,State and Citizenship,,,https://nearchive.in/view-video&content=5dc90cfb65405
,Nagaland,Years Of Living Dangerously,Ayieno Kechu,2004,2004,Documentary,English,Sexual and Reproductive Health,State and Citizenship,,,,https://nearchive.in/view-video&content=5daab3a3976d7
,Meghalaya,The Nokpante,"Banjop Mukhim, Guesstar Langstang, Salchirik K Sangma",2004,2004,Documentary,English,Identity,Development,,"Department of Mass Media, St. Anthony's College Shillong",,https://nearchive.in/view-video&content=5da01beb09e25
,Bangalore,"Many People, Many Desires",T. Jayashree,2004,2004,Documentary,,Desire,LGBTQ Narratives,Law,,,https://vimeo.com/180147764
,,Beyond Women's Stereotypes,Bindu Nair,2005,2005,Documentary,"English, Hindi",Feminist Politics,Identity,,"PSBT, Doordarshan",,https://psbt.org/films/beyond-womens-stereotypes/
,"Uttar Pradesh, Arunachal Pradesh, Karnataka, Orrisa",Dance With Hands Held Tight,"Krishnendu Bose, Kavita Dasgupta",2005,2005,Documentary,,Development,State and Citizenship,,,,https://vimeo.com/49901743
,J&K,Waiting,"Shabnam Ara, Atul Dasgupta",2005,2005,Documentary,,Identity,Feminist Politics,State and Citizenship,,,https://www.youtube.com/watch?v=6usJvUY6RAg
,,Crossing Thresholds,Sonika Jain,2005,2005,Documentary,,Feminist Politics,Identity,Desire,,,
,,Redefining Peace,K. P. Sasi,2005,2005,Documentary,,Activism,Feminist Politics,Feminist Historiography,,,https://www.cultureunplugged.com/documentary/watch-online/play/483/Redefining-Peace
,Meghalaya,One Way Street,Netta,2005,2005,Documentary,,Culture,Development,Identity,"Department of Mass Media, St. Anthony's College Shillong",,https://nearchive.in/view-video&content=5daaa728d308d
,West Bengal,Calcutta Pride March 2004,Tejal Shah,2005,2005,Documentary,,Queer Movement,LGBTQ Narratives,,,,https://www.cultureunplugged.com/documentary/watch-online/play/4719/Calcutta-Pride-March-2004?
,,Make Ups,Jehangir Jani,2005,2005,Documentary,,LGBTQ Narratives,Identity,,,,https://www.youtube.com/watch?v=gqPxiGIufo8
,Andhra Pradesh,The Seedkeepers,Farida Pacha,2005,2005,Documentary,"English, Telugu",Feminist Politics,Identity,Activism,,,
,Tamil Nadu,SheWrite,"Anjali Monteiro, K.P. Jayashankar",2005,2005,Documentary,"Tamil, English Subtitle",Desire,Feminist Politics,,,,https://www.cultureunplugged.com/documentary/watch-online/play/51466/SheWrite?
,,Q2P,Paromita Vohra,2006,2006,Documentary,"English, Hindi",Identity,Desire,,,,https://www.youtube.com/watch?v=tTXuVSa75a0
,North India,Moustaches Unlimited,Vasudha Joshi,2006,2006,Documentary,,Identity,Desire,,"PSBT, Doordarshan",,https://www.youtube.com/watch?v=THXm7CPAVlg
,Delhi,Delhi-Mumbai-Delhi,Saba Dewan,2006,2006,Documentary,Hindi,Identity,Desire,,,,https://vimeo.com/271233482
,,Baby Haldar,Anu Menon,2006,2006,Documentary,,Culture,Violence,Feminist Politics,,,
,Manipur,Untitled: 3 Narratives on Women and Conflict in Manipur,Kavita Joshi,2006,2006,Documentary,,Feminist Politics,Activism,Identity,,,
,Manipur,Tales From The Margins,Kavita Joshi,2006,2006,Documentary,"Meteilon, English Subtitle",Development,Identity,Activism,,,
,Maharashtra,The Fight To Dance,Anish Patel,2006,2006,Documentary,,Identity,Development,,,,
,Maharashtra,Where's Sandra,Paromita Vohra,2006,2006,Documentary,,Desire,Identity,,Parodevi Pictures Production,,https://www.youtube.com/watch?v=ZnsAjSZSzUw
,Haryana,She's My Girl,Meera Dewan,2007,2007,Documentary,English,Sexual and Reproductive Health,Development,,"PSBT, Doordarshan",,https://psbt.org/films/shes-my-girl/
,,Morality TV And The Loving Jehad,Paromita Vohra,2007,2007,Documentary,"Hindi, English",Violence,Identity,,"PSBT, Doordarshan",,https://psbt.org/films/morality-tv-and-the-loving-jehad/
,Delhi,Laying Janaki To Rest,Madhureeta Anand,2007,2007,Documentary,"Hindi, English",Feminist Historiography,Religion,,"PSBT, Doordarshan",,https://psbt.org/films/laying-janaki-to-rest/
,,Two Lives,Samina Mishra,2007,2007,Documentary,,Sexual and Reproductive Health,Feminist Politics,Culture,"PSBT, Doordarshan",,https://www.youtube.com/watch?v=p3kCxwYvM20
,,Hai Dupatta,Tess Joseph,2007,2007,Documentary,"Hindi, English",Culture,Feminist Politics,,"PSBT, Doordarshan",,https://www.youtube.com/watch?v=KbmjI2422JQ
,,The Lightning Testimonies,Amar Kanwar,2007,2007,Documentary,,Violence,Activism,State and Citizenship,,,
,,A Body That Will Speak,"Sukanya Sen, Pawas Bisht",2007,2007,Documentary,English,Desire,Feminist Politics,,,,https://www.youtube.com/watch?v=ngL6ENf0km0
,Manipur,Making The Face,"Suvendu Chatterjee, Joshy Joseph",2007,2007,Documentary,English,LGBTQ Narratives,Identity,Activism,,,https://nearchive.in/view-video&content=5db95f5c78662
,Jharkhand,Buru Gaara / Pahadi Nadi,Sri Prakash,2007,2007,Documentary,,Desire,Identity,Culture,PSBT,,https://www.youtube.com/watch?v=LNS4QNrTSho
,Tamil Nadu,Shifting Prophecy,Merajur Rahman Baruah,2007,2007,Documentary,English ,Religion,Culture,Development,,,
,Tamil Nadu,Pedalling To Freedom,Vijay S. Jodha,2007,2007,Documentary,English,Feminist Politics,Development,State and Citizenship,,,
,Tamil Nadu,Our Family,"Anjali Monteiro, K.P. Jayasankar",2007,2007,Documentary,"Tamil, English subtitles",LGBTQ Narratives,Identity,Culture,"School of Media and Cultural Studies, Tata Institute of Social Sciences, Mumbai",,https://ourfamily2007.wordpress.com/2007/10/03/hello-world/
,P/I,To Think Like A Woman,Arpita Sinha,2008,2008,Documentary,English,Feminist Politics,Development,State and Citizenship,"PSBT, Doordarshan",,https://psbt.org/films/to-think-like-a-woman/
,,Blood On My Hands,"Surabhi Saral, Manak Matiyani, Anandana Kapur",2008,2008,Documentary,English,Sexual and Reproductive Health,Culture,,"PSBT, Doordarshan",,https://psbt.org/films/blood-on-my-hands/
,,Naach (The Dance),Saba Dewan,2008,2008,Documentary,Hindi,Desire,Identity,,,,https://vimeo.com/271239312
,,Punches N Ponytails,Pankaj Rishi Kumar,2008,2008,Documentary,"Marathi, Hindi",Desire,Identity,Culture,Pankaj Rishi Kumar for Kumar Talkies,,
,,Flying Inside My Body,"Rintu Thomas, Sushmit Ghosh, Ajeeta Chowhan, Sumit Sharma",2008,2008,Documentary,,LGBTQ Narratives,Desire,Feminist Politics,"AJK Mass Communication Research Centre, Jamia Milia Islamia",,https://www.cultureunplugged.com/documentary/watch-online/play/1259/Flying-Inside-My-Body
,,Four Women And A Room,Ambarien Alqadar,2008,2008,Documentary,,Sexual and Reproductive Health,State and Citizenship,Feminist Politics,PSBT,,https://www.youtube.com/watch?v=Ar-TKowDjr8
,Uttar Pradesh,Mother Courageous,Debalina Majumdar,2008,2008,Documentary,,Sexual and Reproductive Health,Culture,State and Citizenship,,,https://www.youtube.com/watch?v=qdZusqAtnDA
,Nagaland,Shed No More Blood,Satya Prakash,2008,2008,Documentary,,Violence,Activism,Identity,,,https://www.youtube.com/watch?v=Gic3OPMutz4
,Kerala,XXWHY,Bharathy Manjula,2008,2008,Documentary,"Malayalam, English subtitle",LGBTQ Narratives,State and Citizenship,Culture,,,
,P/I,It's A Boy,Vani Subramanian,2009,2009,Documentary,English,Culture,Development,Sexual and Reproductive Health,"PSBT, Doordarshan",,https://psbt.org/films/its-a-boy/
,J&K,Where Have You Hidden My New Moon Crescent? ,Iffat Fatima,2009,2009,Documentary,Kashmiri,Violence,Activism,Identity,,"This film is made in collaboration with the Association of the Parents of Disappeared Persons in Kashmir (APDP). The Association of Parents of Disappeared Persons (APDP), is a collective of the family members of the victims of enforced disappearances in Kashmir, seeking information about the whereabouts of their disappeared relatives.",https://www.youtube.com/watch?v=RZK_J96O6gQ
,Uttar Pradesh,The Other Song,Saba Dewan,2009,2009,Documentary,,Identity,Feminist Historiography,Desire,,,https://www.youtube.com/watch?v=atJN-ntYKfU
,,Are We Talking Straight,"Anindya Shankar Das, Prachi Tulsan, Anirban Ghosh, Oishik Sircar, Debolina Dutta, Soupayan Sinha, Sana Faiyaz",2009,2009,Documentary,English,LGBTQ Narratives,Culture,Identity,,,
,Maharashtra,Inside Out,"Shilpi Gulati, Divya Cowasji",2009,2009,Documentary,,Culture,Feminist Politics,Development,"School of Media and Cultural Studies, Tata Institute of Social Sciences, Mumbai",,
,Maharashtra,Have You Dreamt Cinema?,Hansa Thapliyal,2009,2009,Documentary,"Marathi, Hindi, English",Desire,Feminist Politics,,,,https://psbt.org/films/cinema-city-mumbai-ii-have-you-dreamt-cinema/
,Telangana,Positive Living,C. Vanaja Kumari,2009,2009,Documentary,,Sexual and Reproductive Health,Culture,Activism,,,
,Punjab,Roots Of Love,Harjant S. Gill,2010,2010,Documentary,"English, Hindi, Punjabi",Religion,Identity,Culture,"PSBT, Doordarshan",,https://psbt.org/films/roots-of-love/
,,A Short Film About...,Divya Sachar,2010,2010,Documentary,English,Identity,Desire,Culture,"PSBT, Doordarshan",,https://psbt.org/films/a-short-film-about/
,,Boxing Ladies,Anusha Nandakumar,2010,2010,Documentary,English ,Religion,Feminist Politics,Identity,,,
,West Bengal,Mahasweta Devi - Close Up ,Joshy Joseph,2010,2010,Documentary,"Bengali, English subtitles",Feminist Historiography,Activism,Feminist Politics,,,https://www.youtube.com/watch?v=Mt0g3es1FB0
,West Bengal,Diaries of Transformation,Anirban Ghosh,2010,2010,Documentary,"Bengali, English, Hindi",LGBTQ Narratives,Identity,Violence,,,
,,"I Could Not Be Your Son, Mom",Sohini Dasgupta,2010,2010,Documentary,Bengali,LGBTQ Narratives,Sexual and Reproductive Health,Culture,,,
,Maharashtra,Engayging Lives,Shruti Rao,2010,2010,Documentary,"Hindi, English",LGBTQ Narratives,Development,Culture,SCMSophia Production,,https://www.youtube.com/watch?v=qqMP2wQB938
,,Through Our Viewfinder,"Jasmine Kaur Roy, Avinash Roy",2010,2010,Documentary,"Marathi, Hindi",LGBTQ Narratives,Desire,Identity,,,
,Orissa,Mukta Gyana Kutir,Biju Toppo,2010,2010,Documentary,,Feminist Politics,Development,State and Citizenship,,,
,Tamil Nadu,Creatures? / Agrinigal?,B. Ilangovan,2010,2010,Documentary,Tamil,LGBTQ Narratives,Identity,,,,
,Tamil Nadu,Y Can't I Run? The Story of Santi Soundarajan,Payoshni Mitra,2010,2010,Documentary,"English, Tamil",LGBTQ Narratives,Identity,,,,
,,Between The Two,Tanvi Talwar,2010,2010,Documentary,"English, Tamil, Kannada",LGBTQ Narratives,Identity,,,,
,,Challenge,"Pawan, Kiran, Christy",2010,2010,Documentary,,Disability,LGBTQ Narratives,,,,
,North India,There Is Something In The Air,Iram Ghufran,2011,2011,Documentary,"Hindi, Urdu, English",Desire,Identity,Religion,"PSBT, Doordarshan",,https://psbt.org/films/there-is-something-in-the-air/
,,Mindscapes...Of Love & Longing,Arun Chadha,2011,2011,Documentary,"Hindi, English",Disability,LGBTQ Narratives,,"PSBT, Films Division",,https://psbt.org/films/mindscapesof-love-longing/
,Delhi,Mera Apna Sheher,Sameera Jain,2011,2011,Documentary,Hindi,Feminist Politics,Development,,"PSBT, Films Division",,https://psbt.org/films/mera-apna-sheher/
,,Knocking On Heaven's Door,Sanjay Barnela and Samreen Farooqui,2011,2011,Documentary,English ,Feminist Historiography,Culture,Desire,"PSBT, Films Division",,https://psbt.org/films/knocking-on-heavens-door/
,,Our Lanes...Our Lives / Apni Galiyon Ki Kahani,"Tarini Manchanda, Aanchal Kapur, Ankur Kapoor",2011,2011,Documentary,"Hindi, English Subtitles",Development,State and Citizenship,,,,https://www.youtube.com/watch?v=Ha3IeTamrr0
,,My Child is Gay,Anubha Bhonsle,2011,2011,Documentary,"English, Hindi",LGBTQ Narratives,Culture,,,,
,Jharkhand,Taking Side,"Biju Toppo, Deepak Bara",2011,2011,Documentary,,Activism,State and Citizenship,Identity,,,
,West Bengal,We Are Foot Soldiers,"Debolina Dutta, Oishik Sircar",2011,2011,Documentary,"Bengali, English",Activism,Identity,Feminist Politics,,,https://psbt.org/films/we-are-foot-soldiers/
,Manipur,Sacred Space,Kaushik Gupta Ray,2011,2011,Documentary,English,Religion,Identity,Development,,,https://www.youtube.com/watch?v=ncaUCOkudsg
,Manipur,Manipuri Transgenders Seek Acceptance,Mercy Kamei,2011,2011,Documentary,,LGBTQ Narratives,Culture,Activism,,,
,Madhya Pradesh,Holy Matrimony,Nirmala Nair,2011,2011,Documentary,,Culture,Development,,,,
,Maharashtra,At the crossroads,DILAASA,2011,2011,Documentary,Hindi,Violence,Sexual and Reproductive Health,,,,https://www.youtube.com/watch?v=8yQsXbiqlBY
,,My Dear Gay Teacher,Saraswati Kavula,2011,2011,Documentary,,LGBTQ Narratives,Activism,,,,
,,We the Outsiders / Aamhi Ka Tisre,Ramesh Laxman More,2011,2011,Documentary,Marathi ,LGBTQ Narratives,Law,Activism,,,
,Andhra Pradesh,New Life For Disabled Transgender,Christy Raj,2011,2011,Documentary,,Disability,LGBTQ Narratives,,,,https://www.youtube.com/watch?v=qQmCe40gUbA
,P/I,Rough 'Em Up,Sanjay Barnela,2012,2012,Documentary,English,Development,Culture,,"PSBT, Films Division",,https://psbt.org/films/rough-em-up/
,Uttar Pradesh,Nirnay,"Pushpa Rawat, Anupama Srinivasan",2012,2012,Documentary,"Hindi, Garhwali",Feminist Politics,Development,Culture,"PSBT, Films Division",,https://psbt.org/films/nirnay/
,Delhi,Much Ado About Knotting,"Geetika Narang, Anandana Kapur",2012,2012,Documentary,"Hindi, English",Culture,Desire,Development,"PSBT, Doordarshan",,https://psbt.org/films/much-ado-about-knotting/
,P / I,Fragments Of A Past,Uma Chakravarti,2012,2012,Documentary,English,Activism,Feminist Historiography,Feminist Politics,"PSBT, Films Division",,https://psbt.org/films/fragments-of-a-past/
,J&K,Khoon Diy Baarav / Blood Leaves It's Trail,Iffat Fatima,2012,2012,Documentary,,Violence,Identity,Activism,,https://www.jamhoor.org/read/2019/1/12/khoon-diy-baarav-an-interview-with-iffat-fathima,
,Delhi,The Ghetto Girl,Ambarien Alqadar,2012,2012,Documentary,"English, Hindi, Urdu",Religion,Identity,,"PSBT, Doordarshan",,https://psbt.org/films/the-ghetto-girl/
,Delhi,Facing The Sun,Rajat Ghose,2012,2012,Documentary,English ,Feminist Politics,Culture,Identity,,,
,,Gulabi Gang,Nishtha Jain,2012,2012,Documentary,,Caste,Violence,Activism,,,
,J&K,"She, Of The Four Names",Meeta Vasisht,2012,2012,Documentary,"Hindi, English, Kashmiri",Feminist Historiography,Feminist Politics,,,,https://psbt.org/films/she-of-the-four-names/
,Haryana,Izzatnagari Ki Asabhya Betiyaan / Immoral Daughters in the Land of Honour,Nakul Singh Sawhney,2012,2012,Documentary,"Haryanvi, English subtitles",Violence,Caste,Law,Action Aid India,,https://www.youtube.com/watch?v=APJ6jMxIysg
,Uttar Pradesh,Kyon,Pushpa Rawat,2012,2012,Documentary,"Hindi, English subtitles",Violence,Identity,,,,https://www.youtube.com/watch?v=ydTJ2KGUQEY
,West Bengal,Beyond The Veil,Anusha Nandakumar,2012,2012,Documentary,"Hindi, Bengali",Religion,Development,Identity,,,
,West Bengal,Let Them Blossom,Amrita Dasgupta,2012,2012,Documentary,,Development,State and Citizenship,,,,https://www.youtube.com/watch?v=TNN6p10WcRk
,Meghalaya,Four Wheel Memories,Tarun Bhartiya,2012,2012,Documentary,,Identity,Development,Desire,,,https://nearchive.in/view-video&content=5dcbe3b1ec8de
,Assam,The Macabre Dance,Merajur Rahman Baruah,2012,2012,Documentary,English,Feminist Historiography,Violence,Culture,,,https://nearchive.in/view-video&content=5db6b7fc4c113
,West Bengal,Dui Dhuranir Golpo / In-between Days,Sankhajit Biswas,2012,2012,Documentary,"Bangla, English subtitles",LGBTQ Narratives,Sexual and Reproductive Health,Culture,Moromiya Pictures,,https://search.alexanderstreet.com/preview/work/bibliographic_entity%7Cvideo_work%7C2546374
,Karnataka,Let The Butterflies Fly,Gopal Menon,2012,2012,Documentary,English subtitles,LGBTQ Narratives,State and Citizenship,,"Sangama, Karnatake Sex Worker's Union, Samara",,https://www.youtube.com/watch?v=Q1oNR_sSsoQ
,Karnataka,All About Our Famila,Chalam Bennurkar,2012,2012,Documentary,"Kannada, English, Tamil",LGBTQ Narratives,Development,Identity,,,
,Tamil Nadu,Beyond Binary,Ananya Kasaravalli,2012,2012,Documentary,Tamil,LGBTQ Narratives,Identity,,,,
,P/I,My Sacred Glass Bowl,Priya Thuvassery,2013,2013,Documentary,"English, Hindi, Malayalam",Desire,Identity,,"PSBT, Doordarshan",,https://psbt.org/films/my-sacred-glass-bowl/
,,Accsex,Shweta Ghosh,2013,2013,Documentary,"English, Hindi",Disability,Desire,,"PSBT, Doordarshan",,https://psbt.org/films/accsex/
,,Can We See the Baby Bump Please? ,Surabhi Sharma,2013,2013,Documentary,,Sexual and Reproductive Health,Development,Law,,,https://www.youtube.com/watch?v=fmFBmFBVMhw
,,Men Against The Tide,Priyali Sur,2013,2013,Documentary,,Feminist Politics,Violence,Activism,,,https://priyalisur.com/2019/09/06/men-against-the-tide-documentary-film-for-usaids-women-and-girls-lead-global-campaign-in-collaboration-with-the-ford-foundation-and-itvs/
,,Till We Meet Again,Rahul Roy,2013,2013,Documentary,Hindi,Desire,Identity,Development,,"This film is a sequel to When Four Friends Meet, 1999",https://vimeo.com/137683479
,,Boys Don't Wear Nailpolish,Siddharth Chauhan,2013,2013,Documentary,,LGBTQ Narratives,Culture,Feminist Politics,,,
,,Can You See The Real Me?,Pankaj H. Gupta,2013,2013,Documentary,,LGBTQ Narratives,Identity,Desire,,,
,,Little Boxes,Ninad Adawadkar,2013,2013,Documentary,English,LGBTQ Narratives,Identity,Culture,,,
,West Bengal,Ebang Bewarish / ...And The Unclaimed,Debalina Majumdar,2013,2013,Documentary,Bengali,Desire,LGBTQ Narratives,,,,
,Assam,Soccer Queens of Rani,Rajya Sabha TV,2013,2013,Documentary,"Assamese, English",Development,Identity,,,,https://nearchive.in/view-video&content=5dc399591e25d
,Manipur,Gun And a God,Sonia Nepram,2013,2013,Documentary,English,Violence,State and Citizenship,Culture,,,https://www.youtube.com/watch?v=Ed-oP3A-Kgc&t=64s
,West Bengal,Maa I Exist Beyond X and Y,Rijul Bar,2013,2013,Documentary,"Bengali, English subtitles",LGBTQ Narratives,Identity,Desire,,,
,West Bengal,Rainbows are Real,Ritesh Sharma,2013,2013,Documentary,"Bengali, Hindi",LGBTQ Narratives,,,,,
,,Je Jan Aachhe Majhkhaane / Caught in the Middle,Debalina Majumdar,2013,2013,Documentary,Bengali,LGBTQ Narratives,Identity,,Parodevi Pictures Production,,
,,Evening in Gay Maharashtra,Natasha Mendonca,2013,2013,Documentary,English,Queer Movement,LGBTQ Narratives,,,,
,Delhi,And You Thought You Knew Me,Pramada Menon,2014,2014,Documentary,"English, Hindi",Desire,Identity,LGBTQ Narratives,"PSBT, Doordarshan",,https://psbt.org/films/and-you-thought-you-knew-me/
,,Shame Was A Place Inside,Priyanka Chhabra,2014,2014,Documentary,English,Violence,Desire,Culture,"PSBT, Doordarshan",,https://psbt.org/films/shame-was-a-place-inside/
,,Purple Skies,Sridhar Rangayan,2014,2014,Documentary,"English, Hindi",LGBTQ Narratives,Queer Movement,Activism,"PSBT, Doordarshan",,https://psbt.org/films/purple-skies/
,Punjab,Mardistan / Macholand,Harjant Gill,2014,2014,Documentary,"Punjabi, English",Identity,LGBTQ Narratives,State and Citizenship,"PSBT, Doordarshan",,https://psbt.org/films/mardistan/
,P/I,Can't Hide Me,Madhuri Mohindar,2014,2014,Documentary,"Hindi, English, Kannada",Identity,Development,,"PSBT, Doordarshan",,https://psbt.org/films/cant-hide-me/
,,Being Bhaijaan,"Shabani Hassanwalia, Samreen Farooqui",2014,2014,Documentary,"Hindi, English",Identity,Development,Desire,"PSBT, Doordarshan",,https://psbt.org/films/being-bhaijaan/
,,Bioscope: Non-Binary Conversations of Gender and Education,"Shabani Hassanwalia, Samreen Farooqui, Ashhar Farooqui",2014,2014,Documentary,"Hindi, English subtitle",Violence,LGBTQ Narratives,,Nirantar: Centre for Gender and Education,,https://www.youtube.com/watch?v=OfxjrMYxs7E
,,Shivananda Khan OBE; A Life!,Lok Prakash,2014,2014,Documentary,,LGBTQ Narratives,Sexual and Reproductive Health,,,,
,Chandigarh,Gay in Chandigarh,Neha Chaudhury,2014,2014,Documentary,,LGBTQ Narratives,Queer Movement,,,,
,,Love V/S Law,"Sonal Giani, Jeny Gada",2014,2014,Documentary,"English, Hindi",LGBTQ Narratives,Law,,,,
,West Bengal,Chena Kintu Ajana / Known Strangers,Dipankar Dutta,2014,2014,Documentary,Bengali,Identity,Culture,LGBTQ Narratives,,,
,,Chhabi / Image,"Aquila Khan, Tejasvi Momaya",2014,2014,Documentary,Marathi,Identity,Culture,LGBTQ Narratives,,,
,,Forbidden Love,Ashish Sawhny,2014,2014,Documentary,"Hindi, English",Law,LGBTQ Narratives,,,,
,,Tell Me a Story,"Avani Batra, Sunetro Lahiri, Rucha Pathak, Ashish Sawhny",2014,2014,Documentary,,LGBTQ Narratives,Identity,,Queer Ink,,
,,Mr. Gay India,Ashish Sawhny,2014,2014,Documentary,,LGBTQ Narratives,Culture,Desire,,,
,,Bhopal Against 377,Maheen Mirza,2014,2014,Documentary,Hindi,LGBTQ Narratives,Queer Movement,Law,,,
,Delhi,Stories of Us: Footnotes from Emerald Island,Priya Sen,2015,2015,Documentary,English,Identity,Culture,,"PSBT, Doordarshan",,https://psbt.org/films/stories-of-us-footnotes-from-emerald-island/
,,"Shaadi, Sex, aur Parivaar",Aman Kaleem,2015,2015,Documentary,"English, Hindi",Desire,Identity,Feminist Politics,"PSBT, Doordarshan",,https://psbt.org/films/shaadi-sex-aur-parivaar/
,,In Her Words: The Journey Of Indian Women,Annie Zaidi,2015,2015,Documentary,"English, Hindi",Feminist Historiography,Activism,Feminist Politics,"PSBT, External Publicity and Public Diplomacy Division",,https://psbt.org/films/in-her-words-the-journey-of-indian-women-2/
,Delhi,In The Mood For Love,"Sandeep Kumar Singh, Aakriti Singh",2015,2015,Documentary,"English, Hindi",LGBTQ Narratives,Law,,"PSBT, Doordarshan",,https://psbt.org/films/in-the-mood-for-love/
,J&K,Till Then The Roads Carry Her,Uzma Falak,2015,2015,Documentary,,Activism,Feminist Politics,Violence,,https://www.youthkiawaaz.com/2015/09/psbt-film-festival-2015-interview-uzma-falak/,
,,Cecelia,Pankaj Johar,2015,2015,Documentary,,Law,State and Citizenship,Development,,,
,,Blurring Lines,Ramsha Alam,2015,2015,Documentary,Hindi,Identity,Culture,,,,
,West Bengal,The New Girl In Class,Amrita Dasgupta,2015,2015,Documentary,"Hindi, English, Bengali",Disability,Development,State and Citizenship,,,https://psbt.org/films/the-new-girl-in-class/
,Arunachal Pradesh,The Changing Face Of Beauty In Northeast India,Sarah Trevisiol and Matteo Vegetti,2015,2015,Documentary,Apatani,Identity,Culture,Activism,Silent Storm Productions,,https://nearchive.in/view-video&content=5da3eae67d22f
,Meghalaya,When The Hens Crow,Tarun Bhartiya,2015,2015,Documentary,"Khasi, English",Identity,Culture,State and Citizenship,,,https://nearchive.in/view-video&content=5d9e2160555cc
,Meghalaya,The Mei And Khuns Of Meghalaya: Matriliny And Gender Relations In The Khasi Society,Raina Shafen,2015,2015,Documentary,"Khasi, English",Identity,Feminist Politics,Culture,,,https://nearchive.in/view-video&content=5d9dc85106ea7
,West Bengal,I Am Bonnie,"Farha Khatun, Satarupa Santra, Sourabh Kanti Dutta",2015,2015,Documentary,"Bengali, English subtitles",Identity,Sexual and Reproductive Health,Culture,Films Division,,https://vimeo.com/157421694
,,Just Another Love Story,Prahansa Gurung,2015,2015,Documentary,"English, Hindi",Desire,LGBTQ Narratives,Identity,,,
,,Where The Blue Lotus Blooms,"Anand Gautam, Geetha K Wilson, Radhika Agarwal, Saurabh Kumar, Shreya Katyayini",2015,2015,Documentary,"English, Hindi",Desire,LGBTQ Narratives,Identity,"School of Media and Cultural Studies, Tata Institute of Social Sciences, Mumbai",,https://www.youtube.com/watch?v=tcLhG-8p1A4
,,Aavahan: Voices from the Fringe,Bindumadhav Khire,2015,2015,Documentary,"English, Marathi",Development,Identity,,,,
,Karnataka,That's My Boy,Akhil Sathyan,2015,2015,Documentary,"Malayalam, English, English subtitle",Desire,LGBTQ Narratives,Identity,Akhil Sathyan,,https://www.youtube.com/watch?v=McY2ccJa0oo
,,Walking the Walk,Moses Tulasi,2015,2015,Documentary,"Hindi, English, Telugu",Queer Movement,Activism,LGBTQ Narratives,,,
,,Breaking Free,Sridhar Rangayan,2015,2015,Documentary,"English, Hindi, Tamil, Kannada, English subtitles",Queer Movement,LGBTQ Narratives,,,,https://www.youtube.com/watch?v=_rPhHquGgMg
,Tamil Nadu,Normalcy,V. Ramanathan,2015,2015,Documentary,Tamil,Queer Movement,LGBTQ Narratives,Feminist Poliyics,,,
,Punjab,Sent Away Boys,Harjant Gill,2016,2016,Documentary,"English, Punjabi, Hindi",Development,Culture,,,,https://psbt.org/films/sent-away-boys/
,Uttar Pradesh,Mod / The Turn,Pushpa Rawat  ,2016,2016,Documentary,"Hindi, English Subtitles",Development,Culture,,,,
,,The Books We Made,"Anupama Chandra, Uma Tanuku",2016,2016,Documentary,"Hindi, English",Feminist Politics,Activism,,,,https://psbt.org/films/the-books-we-made/
,Manipur,Ima Sabitri,Bobo Khuraijam,2016,2016,Documentary,"Manipuri, English subtitles",Queer Movement,LGBTQ Narratives,Desire,Masek Mangal Films,,https://www.youtube.com/watch?v=-87VzAps05s
,Maharashtra,Breaking All The Way,Sunita Malpani,2016,2016,Documentary,,Culture,Feminist Politics,,,,
,Maharashtra,Govandi Crime aur Camera,"Deepti Murali, Prateek Shekhar, Shubra Dixit, Smita Vanniyar, Vaibhav B. Sorte",2016,2016,Documentary,"Hindi, English subtitles",Culture,Desire,,,,https://www.youtube.com/watch?v=iPj4n2Bl6Ms
,,My Child is Gay and I am Happy,Sopan Muller,2016,2016,Documentary,"Hindi, English, Marathi",Queer Movement,LGBTQ Narratives,,,,https://filmfreeway.com/835821
,,Dancing Queens: It's All About Family,Jeff Roy,2016,2016,Documentary,"English, Hindi",Queer Movement,LGBTQ Narratives,,Godrej India Culture Lab,,https://vimeo.com/144840056
,Tamil Nadu,Ladies and Gentlewomen,Malini Jeevarathnam,2016,2016,Documentary,Tamil,Queer Movement,LGBTQ Narratives,Desire,,,
,,Naked Wheels,Rajesh James,2016,2016,Documentary,Malayalam ,Identity,Desire,,,,
,Uttar Pradesh,Women of Varanasi,Mamta Singh,2017,2017,Documentary,"Hindi, English",Feminist Politics,Feminist Historiography,,"PSBT, Doordarshan",,https://psbt.org/films/women-of-varanasi/
,Delhi,Veil Done,Juhi Bhatt,2017,2017,Documentary,Hindi,Feminist Politics,Feminist Historiography,Religion,"PSBT, Doordarshan",,https://psbt.org/films/veil-done/
,Uttar Pradesh,Krishna's Waiting Room,"Kavita Bahl, Nandan Saxena",2017,2017,Documentary,"Hindi, English",Feminist Politics,Feminist Historiography,Religion,"PSBT, Doordarshan",,https://psbt.org/films/krishnas-waiting-room/
,Delhi,Jasoosni: Look Who's Watching You!,Anandana Kapur,2017,2017,Documentary,"English, Hindi",Feminist Politics,Feminist Historiography,Development,"PSBT, Doordarshan",,https://psbt.org/films/jasoosni-look-whos-watching-you/
,Uttar Pradesh,Ek Inquilab Aur Aaya: Lucknow 1920 - 1949 ,Uma Chakravarti,2017,2017,Documentary,"English, Hindi",Feminist Historiography,Feminist Politics,Activism,"PSBT, Doordarshan",,https://psbt.org/films/ek-inquilab-aur-aayalucknow-1920-1949/
,Himachal Pradesh,Bloody Women,Priyanka Ishwari,2017,2017,Documentary,,Feminist Politics,Feminist Historiography,Culture,,,https://www.youtube.com/watch?v=m4RY5ycpVLM
,Bihar,Naach Bhikhari Naach,"Jainendra Dost, Shilpi Gulati",2017,2017,Documentary,"Bhojpuri, Hindi, English",Feminist Politics,Feminist Historiography,Culture,"PSBT, Doordarshan",,https://psbt.org/films/naach-bhikhari-naach/
,Punjab,"1984, When The Sun Didn’t Rise",Teena Kaur Pasricha,2017,2017,Documentary,"Punjabi, Hindi, English Subtitles",Feminist Historiography,Feminist Politics,Culture,,,https://whenthesundidntrise.wordpress.com/
,Meghalaya,La Mana,Tarun Bhartiya,2017,2017,Documentary,English,Feminist Politics,Feminist Historiography,Culture,Mebanker Lapang,,https://nearchive.in/view-video&content=5dbfdd9c5a558
,Meghalaya,Khasi Women Wisdom,Jessica White,2017,2017,Documentary,English,Feminist Politics,Feminist Historiography,Culture,,,https://nearchive.in/view-video&content=5dbbc140b9795
,Manipur,Bloody Phanek,Sonia Nepram,2017,2017,Documentary,,Feminist Politics,Feminist Historiography,Culture,Sonia Nepram,,
,,...& The Beats Go On,Sudarshana Chakraborty,2017,2017,Documentary,Bengali,Queer Movement,LGBTQ Narratives,Development,,,
,,Ardhanarishwar,Sankhajir Biswas,2017,2017,Documentary,Bengali,Feminist Politics,LGBTQ Narratives,Development,,,
,,"18 [plus] : Lives, Livings, and Journey of Sappho",Debalina Majumdar,2017,2017,Documentary,Bengali,Queer Movement,LGBTQ Narratives,Desire,,,
,Gujarat,Welcome Valentine 2017,Dhruv Satija,2017,2017,Documentary,"Hindi, English subtitles",Desire,Religion,,,,https://www.youtube.com/watch?v=fhdDuN4BPJw
,Gujarat,Savitri’s Sisters at Azadi Kooch,Nakul Singh Sawhny,2017,2017,Documentary,"Gujarati, Hindi, English subtitles",Feminist Politics,Feminist Historiography,Culture,"Chalchitra Abhiyan, The Wire",,https://www.youtube.com/watch?v=WQUHG5OgGfc
,,I Am Hadiya,Gopal Menon,2017,2017,Documentary,"Malayalam, English subtitles",Religion,Feminist Politics,,National Confederation of Human Rights Organisation (NCHRO),,https://www.youtube.com/watch?v=-iy_7Mutedw
,Tamil Nadu,Is It Too Much To Ask,Leena Manimekalai,2017,2017,Documentary,Tamil,Queer Movement,Feminist Politics,Desire,,,
,Tamil Nadu,The Search,Monachan R,2017,2017,Documentary,Tamil,Queer Movement,Feminist Politics,Desire,,,
,Tamil Nadu,Grey,Amritanshu,2017,2017,Documentary,Tamil,Queer Movement,Feminist Politics,Desire,,,
,Kerala,"In Thunder, Lightening and Rain",Rajesh James,2017,2017,Documentary,Malayalam,Queer Movement,Feminist Politics,Desire,,,
,P/I,Zara Nazar Utha Ke Dekho,Anindya Shankar Das,2018,2018,Documentary,"English, Hindi, Punjabi, Kannada, Bengali, Marathi",LGBTQ Narratives,Development,Culture,"PSBT, Doordarshan",,https://psbt.org/films/zara-nazar-utha-ke-dekho/
,Delhi,Please Mind The Gap,"Mitali Trivedi, Gagandeep Singh",2018,2018,Documentary,"Hindi, English",LGBTQ Narratives,Development,Culture,"PSBT, Human Capability Foundation",,https://psbt.org/films/please-mind-the-gap/
,,"Ishq, Dosti, and All That","Rituparna Bohra, Ritambhara Mehta, Srishti Lakhera, Bhamati Sivapalan",2018,2018,Documentary,"English, Hindi",LGBTQ Narratives,Desire,Feminist Politics,"PSBT, Human Capablity Foundation",,https://psbt.org/films/ishq-dosti-and-all-that/
,Delhi,Breathe,"Anushka Shivdasani Rovshen, Madhuri Mohindar",2018,2018,Documentary,"English, Hindi",LGBTQ Narratives,Desire,Identity,"PSBT, Human Capablity Foundation",,https://psbt.org/films/breathe/
,Delhi,A Safe Person To Talk To,Navdeep Sharma,2018,2018,Documentary,"English, Hindi",LGBTQ Narratives,Feminist Politics,Culture,"PSBT, Human Capablity Foundation",,https://psbt.org/films/a-safe-person-to-talk-to/
,,The Little Girls We Were....And The Women We Are,Vaishali Sood,2018,2018,Documentary,,Violence,Sexual and Reproductive Health,,RAHI Foundation,,
,,Women and Religion in India,Disha Arora,2018,2018,Documentary,,Feminist Politics,Religion,,,,https://www.facebook.com/WomenReligionIndia/
,J&K,The Stitch,Asiya Zahoor,2018,2018,Documentary,,Violence,Activism,,,,
,,Ladli ,Sudipta Kundu,2018,2018,Documentary,Hindi,Queer Movement,Feminist Politics,,,,https://vimeo.com/171368556
,,Queen ,Ankit Gupta,2018,2018,Documentary,English,Queer Movement,Feminist Politics,,,,
,,Clocking,Anuj Roy,2018,2018,Documentary,Hindi,Queer Movement,Feminist Politics,,,,
,Punjab,Admitted ,Ojaswwee Sharma,2018,2018,Documentary,"Hindi, English",LGBTQ Narratives,Activism,,,,
,Chhattisgarh,Agar Wo Desh Banati / If She Built A Country,Mahin Mirza,2018,2018,Documentary,"Hindi, Chhattisgarhi, English",Feminist Politics,Feminist Historiography,,,,https://psbt.org/films/agar-wo-desh-banati-if-she-built-a-country/
,,Finding Prayers,Nilay Samiran Nandi,2018,2018,Documentary,"Bangla, English subtitles",LGBTQ Narratives,Religion,,,,
,West Bengal,Rain Song,Mon Pal,2018,2018,Documentary,English,LGBTQ Narratives,Culture,,,,
,West Bengal,Tin Sotyi... / In Fact...,Debalina Majumdar,2018,2018,Documentary,Bengali,LGBTQ Narratives,Desire,,,,
,Maharashtra,The Ideal Match,Siddharth Sawhny,2018,2018,Documentary,"Hindi, English",LGBTQ Narratives,Religion,,,,
,Maharashtra,Hora,Nachi,2018,2018,Documentary,"Marathi, Hindi, English subtitles",LGBTQ Narratives,Religion,Violence,"A Film and Television Institute of India, Pune Production.",,https://www.youtube.com/watch?v=WcxB4eKjHz8
,Mumbai,Beyond Threshold,ICRW,2018,2018,Documentary,"Hindi, English Subtitles",Violence,Culture,State and Citizenship,,,https://www.youtube.com/watch?v=oaQmR1FiO7w
,,Run Across the Rainbow,Divya Parvathy Ganapathy,2018,2018,Documentary,English,LGBTQ Narratives,,,,,
,,Closet,Abhishek Vadodkar,2018,2018,Documentary,"Hindi, English",LGBTQ Narratives,,,,,
,,Rangeen,Shaikh Ayaz,2018,2018,Documentary,English,Religion,LGBTQ Narratives,,,,
,Kerala,"The Sound of Silence: Policing Women, Gender Discrimination In Kerala Campuses",Bina Paul,2018,2018,Documentary,,LGBTQ Narratives,Feminist Politics,,,,
,Kerala,I am Not There,Ajita Banerjie,2018,2018,Documentary,"English, Hindi",LGBTQ Narratives,Feminist Politics,,,,
,Kerala,Birds of Paradise,Rahul M. M,2018,2018,Documentary,Malayalam,LGBTQ Narratives,Feminist Politics,,Film and Television Insititute of India,,https://www.youtube.com/watch?v=1dfow0X17MY
,Odisha,On The Fringe,Tanya Ranjan,2018,2018,Documentary,"Hindi, English",LGBTQ Narratives,Feminist Politics,,,,https://www.youtube.com/watch?v=kvmhYqflvWE
,Delhi,Baatein Desire Ki,Oindrila DuttaGupta,2019,2019,Documentary,"Hindi, English",Desire,LGBTQ Narratives,Feminist Politics,"PSBT, Doordarshan",,https://psbt.org/films/baatein-desire-ki/
,,Period. End Of Sentence,Rayka Zehtabchi,2019,2019,Documentary,Hindi ,Development,Feminist Politics,Activism,Netflix,,https://www.youtube.com/watch?v=Lrm2pD0qofM
,,Prison Diaries,Uma Chakravarti,2019,2019,Documentary,English,Activism,State and Citizenship,Feminist Politics,"PSBT, Doordarshan",,https://psbt.org/films/prison-diaries/
,,Sex Changed,Ankit Gupta,2019,2019,Documentary,English,LGBTQ Narratives,Feminist Politics,,,,
,,Secrets of Seenagers,Abhigyan Mukherjee,2019,2019,Documentary,"English, Hindi",LGBTQ Narratives,Feminist Politics,,,,https://www.youtube.com/watch?v=3PsEvtmfeqY&t=18s
,,Outcast,Anita Singh,2019,2019,Documentary,"English, Hindi",LGBTQ Narratives,Law,State and Citizenship,,,
,,Yeh Freedom Life,Priya Sen,2019,2019,Documentary,Hindi,LGBTQ Narratives,Feminist Politics,,,,https://vimeo.com/367767720
,West Bengal,Persons With Desires,Swati Chakroborty,2019,2019,Documentary,"Bengali, English",Disability,Desire,,Doordarshan,,https://psbt.org/films/person-with-desires/
,West Bengal,Rising Silence,Leesa Gazi ,2019,2019,Documentary,"Bangla, English subtitles",Violence,Feminist Politics,,,,https://www.youtube.com/watch?v=3585BLvRuQo
,West Bengal,The Day I Became A Woman,Moupia Mukherjee,2019,2019,Documentary,"Bangla, English subtitles",Feminist Politics,Identity,Culture,Films Division,,https://www.youtube.com/watch?v=VIwTfkLAe5I
,West Bengal,Gay India Matrimony,Debalina Majumdar,2019,2019,Documentary,"Bengali, English, Hindi",LGBTQ Narratives,Queer Movement,,,,
,,Alpo Jana Golpogulo / The Lesser Known Stories,Sudarshana Chakraborty,2019,2019,Documentary,Bengali,LGBTQ Narratives,Caste,Identity,,,https://www.youtube.com/watch?v=YVG2tHAc30Q
,,Atasi,Putul Mehmood,2019,2019,Documentary,Bengali,Violence,Identity,Activism,,,https://www.youtube.com/watch?v=TDQp10CE8a0
,Maharashtra,Notes on Marital Violence,Bindu Nair,2019,2019,Documentary,"Marathi, English",Violence,Culture,,,,
,,Unheard Stories Part 1,Sonal Giani,2019,2019,Documentary,"English, Hindi",LGBTQ Narratives,Culture,Development,The Humsafar Trust,,https://www.youtube.com/watch?v=gpd_5fAS4Pw
,,Unheard Stories Part 2,Sonal Giani,2019,2019,Documentary,"Hindi, English",LGBTQ Narratives,Feminist Politics,,The Humsafar Trust,,https://www.youtube.com/watch?v=AJohk0k4PpA
,,Mohini: Men In Sarees,Sharmila Rajaram Shinde,2019,2019,Documentary,"Marathi, Hindi, English",LGBTQ Narratives,Feminist Politics,,,,
,Chennai,Desire?,Garima Kaul,2019,2019,Documentary,"English, Hindi",Desire,Culture,,,,
,Telangana,Boxed,"Sumit Raina, Sameeksha",2019,2019,Documentary,"Hindi, English, Kannada, Telugu",LGBTQ Narratives,Feminist Politics,,,,
,Tamil Nadu,Janani's Juliet,Pankaj Rishi Kumar,2019,2019,Documentary,"Tamil, English",Caste,Violence,Feminist Politics,,,https://psbt.org/films/jananis-juliet/
,Tamil Nadu,Pani Pata Poratam / Songs of Our Soil,Aditi Maddali,2019,2019,Documentary,Telugu (English subtitles),Activism,Feminist Historiography,Culture,,,
,Kerala,Paathi Aakashathinum paathi bhoomikkum Udamakal / Heirs Of Half The Earth and Sky,Georgy Abraham,2019,2019,Documentary,"Malayalam, English subtitles",Feminist Politics,State and Citizenship,,,,
,Karnataka,Nam Devaru Aathara / Our Gods Are Like That,Sraiyanti Haricharan,2019,2019,Documentary,"Kannada, Hindi, English subtitles",Religion,Violence,,,,https://filmfreeway.com/OurGodsareLikeThat
,Kerala,Njan Sanjo / I am Sanjo,Jijo Kuriakose,2019,2019,Documentary,Malayalam,LGBTQ Narratives,Feminist Politics,,,,
,Kerala,Ennodappan / By My Side,P. Abhijith,2019,2019,Documentary,Malayalam,LGBTQ Narratives,Feminist Politics,,,,
,Kerala,Compass Needle / Vadakkunokki Yanthram,"Prithvi Konanur, Rashid Sheikh",2019,2019,Documentary,Malayalam,LGBTQ Narratives,Feminist Politics,,,,
,,Coral Woman,Priya Thuvassery,2019,2019,Documentary,Malayalam,Feminist Politics,Feminist Historiography,,,,
,Punjab,Sab Rab De Bande,Sukhdeep Singh,2020,2020,Documentary,"Punjabi, English, Hindi",LGBTQ Narratives,Religion,Feminist Politics,,,
,,Nothing But A Human,Swati Jaiswal,2020,2020,Documentary,"English, Hindi",LGBTQ Narratives,Feminist Politics,,,,
,,From Me To We / Eingondagi Eikhoida,Neeraj Churi,2020,2020,Documentary,Engish,LGBTQ Narratives,Feminist Politics,,,,
,Mumbai,A film on strengthening Health systems response to violence against women: Experiences of Indian Hospitals,CEHAT,2020,2020,Documentary,English,Feminist Politics,Violence,Sexual and Reproductive Health,,,https://www.youtube.com/watch?v=FNmvEp6rLGc
,Mumbai,A film on providing first line support through LIVES approach,CEHAT,2020,2020,Documentary,English,Feminist Politics,Violence,Sexual and Reproductive Health,,,https://www.youtube.com/watch?v=Gx1x0P8T4DY
,,The Nudity,Arunkumar Senthil,2020,2020,Documentary,Tamil,LGBTQ Narratives,Feminist Politics,,,,https://www.youtube.com/watch?v=CMbAgpI5uWE
,Tamil Nadu,Grace,Smarak Samarjeet,2020,2020,Documentary,Tamil,LGBTQ Narratives,Feminist Politics,,,,
,Delhi,Does Your House Have Lions? ,"Vqueeram Aditya Sahai, Vishal Jugdeo",2021,2021,Documentary,"English, Hindi",LGBTQ Narratives,Feminist Politics,,"Sandip Kuriakose, Lekha Jandhyala",,
,,Writing With Fire,"Rintu Thomas, Sumit Ghosh",2021,2021,Documentary,"Hindi, English subtitle",Feminist Politics,Feminist Historiography,Activism,,,https://www.writingwithfire.in/
,Assam,Kasiyoli - Towards Hope,Bhargav Lakhar,2021,2021,Documentary,"Assamese, English",LGBTQ Narratives,Desire,,,,
,Arunachal Pradesh,I Am Property,Karry Padu,2021,2021,Documentary,,Feminist Politics,Desire,,,,
,,Tales of Another Radha,Sudipto Kundu,2021,2021,Documentary,Bengali,Feminist Politics,Desire,,,,
,,The Outcasted,Gautami Purushottam Berde,2021,2021,Documentary,"Hindi, English, Marathi",LGBTQ Narratives,Sexual and Reproductive Health,,,,
,,Project Bolo: A Collection of Oral Histories of Indian LGBT Persons,Solaris Project,2011,2021,Documentary,English,LGBTQ Narratives,Desire,,,,https://youtube.com/playlist?list=PL06AA2B8007B7587B
,,Access to Choice,Shristi Uppal,2021,2021,Documentary,English,LGBTQ Narratives,Desire,,The YP Foundation,,https://www.instagram.com/p/CT6-zb6ILzR/
,J&K,Trans Kashmir,S. A. Hanan and Surbhi Dewan,2022,2022,Documentary,"Urdu, Kashmiri",LGBTQ Narratives,Violence,State and Citizenship,Surbhi Dewan and Afia Mushtaq,,https://youtu.be/rgN7GKYmaVU
,West Bengal,Performing the Goddess: The Chapal Bhaduri Story,Naveen Kishore,1999,1999,Documentary,,LGBTQ Narratives,Activism,,,,
,,New Life for Disabled Transgendered ,Christy Raj,,,Documentary,Hindi,Disability,LGBTQ Narratives,,,,
,,Fire,Deepa Mehta,1996,1996,Drama,Hindi,LGBTQ Narratives,Identity,,"Kaleidoscope Entertainment, Trial by Fire Films",,https://www.youtube.com/watch?v=sv3jSar70E4
,,Mango Souffle,Mahesh Dattani,2002,2002,Drama,,LGBTQ Narratives,Desire,,Sanjeev Shah,,
,,Teen Behenein,"Kundan Shah, Shekhar Hattangadi",2005,2005,Drama,,Violence,Identity,,,The film is based on the real life incident of three sisters in Kanpur who committed suicide in 1988 to save their parents a huge dowry.,
,,My Brother...Nikhil,Onir,2005,2005,Drama,,Sexual and Reproductive Health,LGBTQ Narratives,,,,
,Maharashtra,Yours Emotionally,Sridhar Rangayan,2006,2006,Drama,English,LGBTQ Narratives,Identity,,Niranjan Kamatkar,,
,,68 Pages,Sridhar Rangayan,2007,2007,Drama,Hindi,Sexual and Reproductive Health,LGBTQ Narratives,,Humsafar Trust,,
,West Bengal,Aarekti Premer Golpo / Just Another Love Story,"Kaushik Ganguly, Rituparno Ghosh",2010,2010,Drama,Bengali,LGBTQ Narratives,Desire,Identity,Tapan Biswas,,
,Kerala,Papilio Buddha,Jayan K. Cherian,2013,2013,Drama,"Malayalam, English ",Caste,Violence,Activism,,,
,,Aligarh,Hansal Mehta,2015,2015,Drama,"Hindi, English subtitle",LGBTQ Narratives,Violence,Identity,,,
,,The Other Love Story,Roopa Rao,2016,2016,Drama,"Hindi, English, Kannada",LGBTQ Narratives,Desire,Identity,,,
,Madhya Pradesh,Turup,Ektara Collective,2017,2017,Drama,Hindi,Violence,Religion,Identity,Ektara Production,,https://www.youtube.com/watch?v=DrodWC2pkBo
,,Evening Shadows,Sridhar Rangayan,2018,2018,Drama,,LGBTQ Narratives,Law,Identity,Solaris Pictures,,
,,Badnaam Basti,Prem Kapoor,1971,1990,Film,Hindi,Desire,LGBTQ Narratives,Identity,,Considered the first gay film of India,
,,Daayra; The Square Circle,Amol Palekar,1996,1996,Film,Hindi,Identity,Desire,,,,
,,Uttara,Buddhadev Dasgupta,2000,2000,Film,Bengali,Violence,Identity,Religion,,,
,,Neel Nirjane,Subrata Sen,2003,2003,Film,Bengali,Desire,Identity,,,,
,,Ushnatar Jonno,Kaushik Ganguly,2003,2003,Film,Bengali,LGBTQ Narratives,,,,,
,,Sancharam,Ligy J. Pullappally,2004,2004,Film,Malayalam,LGBTQ Narratives,Desire,Religion,,,
,Tamil Nadu,Navarasa / Nine Emotions,Santosh Sivan,2005,2005,Film,Tamil,LGBTQ Narratives,Desire,Identity,Santosh Sivan,,
,Punjab,Family Khusreyan Di,B. D. Sharma,2009,2009,Film,Punjabi,LGBTQ Narratives,,,,,
,,Memories in March,Sanjoy Nag,2010,2010,Film,Bengali,Desire,LGBTQ Narratives,,,,
,,Dunno Y Na Jaane Kyun,Sanjay Sharma,2010,2010,Film,,LGBTQ Narratives,Violence,,,,
,Manipur,Leipaklei,Aribam Shyam Sharma,2012,2012,Film,,Identity,Violence,Desire,,,
,West Bengal,Chitrangada: The Crowning Wish,Rituparno Ghosh,2012,2012,Film,"Bengali, Hindi, English subtitles",Identity,LGBTQ Narratives,Desire,,,
,,Dopehri,Manava Naik,2012,2012,Film,Hindi,LGBTQ Narratives,,,,,
,Gujarat,Meghdhanushya: The Color of Life,K. R. Devmani,2013,2013,Film,Gujarati,Identity,LGBTQ Narratives,Violence,,,
,,Qissa: The Tale of a Lonely Ghost,Anup Singh,2013,2013,Film,Punjabi,Identity,LGBTQ Narratives,,,,
,Maharashtra,Tanha / Lonely,Suresh Shelar,2013,2013,Film,Hindi,LGBTQ Narratives,,,,,
,,Jayjaykar; Triumph of Life,Shantanu Ganesh Rode,2013,2013,Film,Marathi,LGBTQ Narratives,,,,,
,,Parched,Leena Yadav,2015,2015,Film,Hindi,Desire,Identity,,,,
,,Achena Bondhutto,Hrishikesh Mondol,2015,2015,Film,Bengali,Identity,LGBTQ Narratives,Activism,,,
,,Family Album,Moinak Bhowmik,2015,2015,Film,Bengali,Identity,,,,,
,,Nishiddho Bratakata,Deb Gopal Mondal,2015,2015,Film,Bengali,Feminist Politics,,,,,
,,Koti,Suhas Bhosale,2015,2015,Film,Marathi,Desire,LGBTQ Narratives,Identity,,,
,Tamil Nadu,Gay / Magizhvan,Mani Shankar Iyer,2015,2015,Film,Tamil,LGBTQ Narratives,Identity,,,,
,Kerala,White Nights / Velutha Rathrikal,Razi,2015,2015,Film,"Malayalam, English subtitle",Desire,Feminist Politics,,,The film is based on Fyodor Dostoyevsky's novel White Night,
,West Bengal,Abar Jodi Iccha Karo / If You Dare Desire,Debalina Majumdar,2016,2016,Film,"Bengali, English subtitles",Feminist Politics,Desire,LGBTQ Narratives,Sappho For Equality,,https://www.youtube.com/watch?v=TDjcy2RcrPI
,Kerala,Ka Bodyscapes,Jayan K. Cherian,2016,2016,Film,Malayalam,Queer Movement,LGBTQ Narratives,Desire,,,
,Karnataka,"Nanu Avanalla Avalu / I am Not He, She...",B. S. Lingadevaru,2016,2016,Film,Kannada,Feminist Politics,Identity,,,,
,Karnataka,Harikatha Prasanga / Chronicles of Hari ,Ananya Kasaravalli,2016,2016,Film,"Kannada, English subtitles",Identity,Feminist Politics,,,,
,,Shab,Onir,2017,2017,Film,Hindi,Desire,Identity,,,,
,,Nagarkirtan,Kaushik Ganguly,2017,2017,Film,Bengali,Identity,LGBTQ Narratives,Violence,,,
,Kerala,Irattajeevitham,Suresh Narayanan,2017,2017,Film,Malayalam,Identity,Feminist Politics,Desire,,,
,Tamil Nadu,My Son is Gay / En Magan Magizhvan,Lokesh Kumar,2017,2017,Film,Tamil,LGBTQ Narratives,Identity,Desire,,,
,Rajasthan,Khejdi ,Rohit Dwivedi,2018,2018,Film,,Identity,Desire,,,,
,,Brihonnola,Dibyadoot Roy Chowdhury,2018,2018,Film,"Bengali, Hindi",Religion,Culture,,,,
,,Noblemen,Vandana Kataria,2018,2018,Film,English,Violence,Culture,,,,
,Tamil Nadu,Kattumaram / Catamaran,Swarnavel Eswaran,2018,2018,Film,Tamil,Caste,Feminist Politics,,,,
,,Njan Marykutty / I'm Marykutty,Ranjith Sankar,2018,2018,Film,Malayalm,LGBTQ Narratives,Feminist Politics,Culture,,,
,Assam,Fireflies - Jonaki Porua,Prakash Deka,2019,2019,Film,Assamese,Identity,Feminist Politics,LGBTQ Narratives,,,
,Manipur,Meitan Araba,Lukanand Kshetrimayum,2019,2019,Film,Meitei,Feminist Politics,Identity,,,,
,,Coffee Cafe,Arunkumar Senthil,2019,2019,Film,"Tamil, English  ",Feminist Politics,,,,,
,,Bodies of Desire,"Varsha Panikar, Saad Nawab",2020,2020,Film,English,Desire,,,,,
,,Ek Jagah Apni (A Place of Our Own),Ektara Collective,2022,2022,Film,Hindi,LGBTQ Narratives,Identity,Violence,,,https://www.imdb.com/title/tt22170828/
,Pan India,Songs of Caravan: Journey of the Spirit,"Amitava Sarkar, Ankur Patil, Akkai Padmashali, Kalyani, Hansa, Rani, Kalki Subramaniam, Madhurima, L. Kanta",2015,2015,Music Album,,Desire,Culture,,"Jeevan Trust, Abhivyakti Foundation",,http://www.songsofthecaravan.in/
,Meghalaya,Syrngiew / Shadows,Gwyneth Alicia Mawlong,2011,2011,Music Video,,Culture,LGBTQ Narratives,,,,
,West Bengal,Koto Andhar Ghore Baire / Darkness Within and Outside,Bipuljit Basu,2014,2014,Music Video,Bengali,Desire,LGBTQ Narratives,,,,https://www.youtube.com/watch?v=gJP20QBVCp0
,,"Untold Unheard Stories / Unkahi, Unsuni Kahani",Nakshatra Bagwe,2016,2016,Music Video,"English, Hindi",Queer Movement,LGBTQ Narratives,,,,https://www.youtube.com/watch?v=x_xjCNTopkI
,,"Phir Bhi Tu Khwab Saja; Familiar Stories, Unseen Hope",P. Nandi,2017,2017,Music Video,,Queer Movement,LGBTQ Narratives,Desire,"Canadian Consulate, Mumbai, Humsafar Trust",,
,,Maravairi,Jithin Lal,2019,2019,Music Video,Kannada,Queer Movement,Feminist Politics,,,,
,Kerala,Aanalla Pennalla Kanmani,,2020,2020,Music Video,Malayalam,LGBTQ Narratives,Feminist Politics,,,The lyrics have been composed by Vijayaraja Mallika,https://www.youtube.com/watch?v=YYob3xbdscw
,,Through Her Eyes,Anungla Zoe Longkumer,2021,2021,Music Video,"Ao-Naga, Assamese, Chokri-Naga, English, Khasi, and Meiteilon",Feminist Politics,Desire,,Zubaan,,https://www.youtube.com/watch?v=6p2cJ8M4nZU
,Arunachal Pradesh,Nona,Hibu Akha,2022,2022,Music Video,Apatani,LGBTQ Narratives,Desire,,,,
,,Requiem For Dead Sisters,"Lapdiang Syiem, Dolly Kikon, Rozumari Samsara (performers)",2018,2018,Performance,,Violence,Feminist Politics,,"Performed at Darpana Academy of Performing Arts, Ahmadabad. Organised by Zubaan",,
,,‘Queen-Size’ – a choreographic response to Section 377,Gati Dance Forum,,,Performance,,Law,Queer Movement,Desire,,Inspired by Nishit Saran’s article titled “Why My Bedroom Habits Are Your Business.”,
,,A Male Ant Has Straight Antannae,Mandeep Raikhy,,,Performance,,Culture,Desire,Identity,,,
,J&K,Finding Face: Images of women from the Kashmir valley,Sheba Chachhi,2002,2002,Photo Essay,English,Feminist Politics,Activism,Identity,,,https://zubaanbooks.com/shop/finding-face-images-women-speaking-peace/
,,Queering Delhi,Sunil Gupta,2015,2015,Photo Essay,English,Culture,LGBTQ Narratives,Desire,,,https://www.himalmag.com/queering-delhi-photo-essay-lgbt-section-377-sunil-gupta/
,J&K,The Pictures That Give Comfort to Kashmir's Women,Aliya Bashir,2017,2017,Photo Essay,English,Feminist Politics,Violence,Activism,,,https://deeply.thenewhumanitarian.org/womenandgirls/articles/2017/03/21/photo-essay-pictures-give-comfort-kashmirs-women
,J&K,Strife,Masrat Zahra,2018,2018,Photo Essay,English,Violence,Feminist Politics,,Wande Magazine,,https://www.wandemag.com/photo-essay-strife-masrat-zahra/
,,Still / Moving,Sana Irshad Mattoo,2018,2018,Photo Essay,English,Violence,Feminist Politics,,Wande Magazine,,https://www.wandemag.com/still-moving-sanna-irshad-mattoo/
,Gujarat,Women of Queerabad,Vijay Bhatia,2018,2018,Photo Essay,English,Feminist Politics,LGBTQ Narratives,Queer Movement,,,https://gaysifamily.com/lifestyle/photo-essay-women-of-queerabad/
,Manipur,The Amaibis of Manipur: Gender-fluid Priestesses of the Sanamahi Religion,Siddharth Haobijam,2020,2020,Photo Essay,,Religion,Feminist Politics,Queer Movement,Sahapedia,,https://www.sahapedia.org/amaibis-manipur-gender-fluid-priestesses-sanamahi-religion
,J&K,The Endless Wait,Showkat Nanda,,,Photo Essay,English,State and Citizenship,Law,,LensCulture,,https://www.lensculture.com/projects/986441-the-endless-wait
,Maharashtra,"To, Ti, Te / He, She, It",Sushama Deshpande and Zameer Kamble,2013,2013,Play,Marathi,LGBTQ Narratives,Feminist Politics,,,,
,,Begum Mahal: In Search of Lost Histories,"Written by Rumi Harish, Directed by A. Mangai",2019,2019,Play,"Tami, Dakkhani, Kannada, English",Feminist Politics,LGBTQ Narratives,,Raahi,,
,,Thoda Dhyan Se: A quick guide on how women should be in order to be safe. Kyunki zamana kharab hai!,Mallika Taneja,,,Play,,Feminist Politics,Violence,,,,
,,Zanana Ka Zamana / Time of The Femme,Mallika Taneja,,,Play,,Feminist Politics,,,,Produced during the country-wide anti CAA movement,
,,Allegedly,"Mallika Taneja, Sneha Gamat",,,Play,,Violence,Law,,,,
,,Contempt: A Theatrical Rendition of the Section 377 Hearings,Danish Sheikh,,,Play,,Law,Desire,Queer Movement,,,
,,"LSD Cast: The Love, Sex, Dating Cast",Prem & Rogue,2016,2016,Podcast,English,Desire,Identity,,,,https://audioboom.com/channel/the-lsd
,,Agents of Ishq: Love Sex aur India,Agents of Ishq,2016,2016,Podcast,"Hindi, English, Marathi",Desire,Culture,,,,https://soundcloud.com/agents-of-ishq
,,Fat?So!,"Ameya Nagarajan, Pallavi Nath",2019,2019,Podcast,English,Culture,Identity,Desire,Fat. So?,,http://fatsopodcast.com/about/
,,Vision Nari Podcast,Swati Rawat,2019,2019,Podcast,English,Feminist Politics,Development,,,,https://gaana.com/podcast/the-vision-nari-podcast-season-1
,,She Says She's Fine,Dr. Munjaal V. Kapadia,2019,2019,Podcast,English,Sexual and Reproductive Health,,,,,https://www.maedinindia.in/she-says-shes-fine
,,Respectfully Disagree,The Swaddle,2019,2019,Podcast,English,Culture,Feminist Politics,,,,https://podcasts.apple.com/in/podcast/respectfully-disagree/id1514065465
,,Intersectional Feminism: Desi Style,Feminism in India,2020,2020,Podcast,"English, Hindi",Feminist Politics,Culture,,,,https://open.spotify.com/show/18n27MGTDbxoKP8M33kJdx?si=d391df65ce8d4c1a
,,Gender Based Violence during Lockdown,Nirantar Resource Centre,2020,2020,Podcast,Hindi,Violence,,,,,https://www.youtube.com/watch?v=w2RUlPQta74&t=34s
,,Rainbow Diaries,Blued,2021,2021,Podcast,English,LGBTQ Narratives,Desire,,,,https://open.spotify.com/show/6ON7nEpoywDJ3lWCztp6CO?si=9c20e3a25125427d
,,"Pride & Prejudice series, The Suno India Show",Suno India,2021,2021,Podcast,"English, Hindi",LGBTQ Narratives,Desire,,Suno India,Pride & Prejudice is Suno India's series on all things LGBTQIA. ,https://www.sunoindia.in/the-suno-india-show/
,,The Zanaan Wanaan Podcast,Zanaan Wanaan,2021,2021,Podcast,English,Activism,Feminist Politics,Violence,,,https://anchor.fm/zanaan-wanaan
,,The Sexual Justice Project,Centre for Studies in Gender and Sexuality,2023,2023,Podcast,English,Law,Feminist Politics,Desire,CSGS and Young India Fellows,,https://podcasters.spotify.com/pod/show/csgs-podcast/episodes/The-Imagery-of-the-Good-Victim--Dr--Mrinal-Satish-in-conversation-wNishita-Singh-e23uc5m
,,Bomgay,Riyadh Wadia,1996,1996,Short film,,Culture,LGBTQ Narratives,,,,
,,Skin Deep,"Reena Mohan, Paromita Vohra, Majlis org, HIVOS",1998,1998,Short film,English,Feminist Politics,Identity,,Majlis,,
,,Scribbles On Akka,Madhusree Dutta,2000,2000,Short film,,Identity,Feminist Politics,,Flavia Agnes,,
,,Auroville 316,Shamin Desai,2001,2001,Short film,,Feminist Politics,LGBTQ Narratives,,,,
,,Bol / Speak,Shabnam Virmani,2002,2002,Short film,,Violence,Law,Activism,,Public Service announcements on the issue of domestic violence,
,,The Pink Mirror / Gulabi Aaina,Sridhar Rangayan,2003,2003,Short film,,Desire,LGBTQ Narratives,,"Saagar Gupta, Sridhar Rangayan",,
,,Kashish,Meenakshi Vinay Rai,2003,2003,Short film,,Desire,LGBTQ Narratives,,,,
,,The Bath,Sachin Kundalkar,2005,2005,Short film,,Culture,State and Citizenship,,,,
,Karnataka,One in Ten,Aarthi Parthasarthy,2007,2007,Short film,,LGBTQ Narratives,,,,,
,,Lost & Found,Shrenik Jain,2008,2008,Short film,,Law,Desire,Culture,,,https://vimeo.com/24468513
,,Ronnie,Kenneth Lawrence,2008,2008,Short film,"Hindi, English",LGBTQ Narratives,,,,,https://www.youtube.com/watch?v=jq-Mp1pE1LU
,,Astitva / Existence,Kiran Pawar,2008,2008,Short film,Hindi,Identity,,,,,
,,Little Mermaids,Raka Dutta,2008,2008,Short film,,Development,,,,,
,,Dibaratri'r Kabya,"Satyaki Kundu, Priyam",2008,2008,Short film,,LGBTQ Narratives,,,,,
,,The Missing Colors,Prasanth Kanathur,2008,2008,Short film,"Malayalam, Tamil, English subtitles",LGBTQ Narratives,Desire,,,,https://www.cultureunplugged.com/play/1281/The-Missing-Colours
,Delhi,Parindey,Sohaila Kapur,2009,2009,Short film,,State and Citizenship,,,,The film is based on the true story of a Tihar inmate who is still serving her sentence. It was filmed on location in Tihar amongst the inmates of jail no 6. It is the story of a woman’s fight for personal and creative freedom.,https://www.youtube.com/watch?v=jLl9cWoe00E
,,The Truth / Sach,Faraz Haider,2009,2009,Short film,Hindi ,LGBTQ Narratives,,,,,
,,Pablo,Anirban Ghosh,2009,2009,Short film,,Feminist Politics,Identity,,,,
,,Pakhi...A Short Film About Love,Satyaki Kundu,2009,2009,Short film,,Disability,Desire,,,,
,,Birthday,Suresh Shelar,2009,2009,Short film,Hindi ,LGBTQ Narratives,,,,,
,,Lihaaf / The Quilt,Rohan Sonawane,2009,2009,Short film,"Hindustani, English subtitles",Desire,Identity,,,,
,,Naanum Oru Penn / I am a Woman Too,V. Ramanathan,2009,2009,Short film,"Tamil, English subtitles",LGBTQ Narratives,,,,,
,Karnataka,A Little Less Something,Siddhanth K. S,2009,2009,Short film,English,Desire,LGBTQ Narratives,,,,
,,Amen,"Ranadeep Bhattacharyya, Judhajit Bagchit",2010,2010,Short film,,Identity,LGBTQ Narratives,,,,
,,I Am,Onir,2010,2010,Short film,,Identity,,,,,
,,Credit / Udhaar,Ankit Pahwa,2010,2010,Short film,"Hindi, English",LGBTQ Narratives,,,,,
,West Bengal,Taar Cheye She Anek Aaro / More Than A Friend,Debalina Majumdar,2010,2010,Short film,,LGBTQ Narratives,,,,,
,,Kusum / The Flower Bud,Shumona Banerjee,2010,2010,Short film,Bengali,Identity,LGBTQ Narratives,,,,https://www.cultureunplugged.com/play/3899/Kusum---The-Flower-Bud/TUE9PStP
,,In the Closet,"Mathew Menacherry, Miriam Chandy Menacherry ",2010,2010,Short film,,LGBTQ Narratives,,,,,
,Gujarat,Vanity Box,Diksha Grover,2011,2011,Short film,"Hindi, English, Gujrati",Development,,,,,https://www.youtube.com/watch?v=NCNOndVBTV4
,,Anyo Mon,Swapan Nandy,2011,2011,Short film,Bengali,LGBTQ Narratives,,,Unicef India,Part of Stories of Girlhood,
,,Kothie and Panthie,Neville Bhaskaran,2011,2011,Short film,Hindi,Culture,LGBTQ Narratives,,,,https://www.youtube.com/watch?v=zLily8oaUYw
,Meghalaya,Bamboo Shoots,Steven Ao,2012,2012,Short film,,Desire,,,,,
,,Ektya Bhinti / Lonely Walls,Rohan Kanawade,2012,2012,Short film,Marathi,LGBTQ Narratives,,,,,
,,Raat Baaki / The Night is Young,Pradipta Ray,2012,2012,Short film,,Desire,LGBTQ Narratives,,,,
,,Logging Out ,Nakshatra Bagwe,2012,2012,Short film,,Desire,LGBTQ Narratives,,,,https://www.youtube.com/watch?v=JaIwIS8KSfw
,,Urmi ,Jehangir Jani,2012,2012,Short film,Hindi,LGBTQ Narratives,,,,,
,,"Love, Lust, and Leela",Diana Morris,2012,2012,Short film,"English, Hindi",LGBTQ Narratives,Desire,,,,
,West Bengal,The Gift / Eidi,Pradipta Ray,2013,2013,Short film,"Bengali, Hindi ",LGBTQ Narratives,,,,,
,,Khoshra Katha,Shulakshana Biswas,2013,2013,Short film,,Desire,Identity,,,,
,,Arekti Jiboner Golpo / Another Life Story,Priyadarshi Banerjee,2013,2013,Short film,Bengali,LGBTQ Narratives,,,,,
,,An Obsolete Alter,"Hyash Tanmoy, Mrigankasekhar Ganguly ",2013,2013,Short film,"Hindi, English, Bengali",Violence,,,,,
,,Love In The Time of 377,Kaveri Kutappa,2013,2013,Short film,,Law,LGBTQ Narratives,,,,
,,Curtains,Nakshatra Bagwe,2013,2013,Short film,"Hindi, English subtitles",LGBTQ Narratives,,,,,https://www.youtube.com/watch?v=o7LJ8whw0Bo
,,Mitraa,Ravi Jadhav,2013,2013,Short film,Marathi,LGBTQ Narratives,,,,,
,Telangana,Kuch Palon Mein,Avinash Matta,2013,2013,Short film,,LGBTQ Narratives,,,,,
,Karnataka,Reminiscence of Ether,Veena Kulkarni,2013,2013,Short film,,Desire,LGBTQ Narratives,,,,
,Odisha,The Reel and the Real,Santosh Kumar Panda,2013,2013,Short film,"Odiya, English Subtitles",LGBTQ Narratives,Identity,,,,
,Kerala,Lipstick ,Khais Millen,2013,2013,Short film,"Malayalam, English",Violence,LGBTQ Narratives,,,,
,,Between Dreams and Waking,Ipshita Maitra,2014,2014,Short film,"Hindi, Urdu, English",LGBTQ Narratives,Culture,,,,
,,Us and Them,Piyush Strivastav,2014,2014,Short film,Hindi,LGBTQ Narratives,,,,,https://vimeo.com/143266182
,West Bengal,The Lover / Doyita,Arpan Roy Chowdhury,2014,2014,Short film,Bengali,Desire,Feminist Politics,,,,
,,Bhaloti Basibo,Susmita Sinha,2014,2014,Short film,Bengali,LGBTQ Narratives,,,,,
,,Stark Electric Jesus ,"Hyash Tanmoy, Mrigankasekhar Ganguly ",2014,2014,Short film,,LGBTQ Narratives,,,,,
,,The Suicide Note,Priyadarshi Banerjee,2014,2014,Short film,"Bengali, English",Law,LGBTQ Narratives,,,,
,,Just Two Steps Away,Mujeer Pasha,2014,2014,Short film,,LGBTQ Narratives,,,,,https://www.youtube.com/watch?v=I88m8--YZf4
,Maharashtra,Kaaye Kaaye Sexual? / What Kind of Sexual? ,"Gitanjali S, Mukta Patil, Rajashree Gandhi, Ridhima Sharma",2014,2014,Short film,,Desire,LGBTQ Narratives,,"School of Media and Cultural Studies, Tata Institute of Social Sciences, Mumbai",,https://www.youtube.com/watch?v=UBJq65W0dwU
,,Penile Code,Sharat Chandra Bose,2014,2014,Short film,Hindi,Law,LGBTQ Narratives,,,,
,Telangana,Kyunki,Avinash Matta,2014,2014,Short film,,Activism,Queer Movement,,,,
,,Amar Katha,Tuhinabha Majumdar,2015,2015,Short film,Bengali  ,Feminist Politics,Identity,,,,
,,Bhram / Delusion,Manoj Thorat,2015,2015,Short film,Marathi,Violence,Queer Movement,,Sunanda Production,,https://filmfreeway.com/462300
,Maharashtra,Ek Maaya Ashi Hi/ A Love Like This,Vaibhav Hatkar,2015,2015,Short film,Marathi,Queer Movement,Desire,LGBTQ Narratives,,,
,Maharashtra,Sundar / Beautiful,Rohan Kanawade,2015,2015,Short film,Marathi,Desire,LGBTQ Narratives,,,,
,,The Threshold / Daaravtha,Nishant Roy Bombarde,2015,2015,Short film,"Hindi, Marathi",Desire,LGBTQ Narratives,Identity,,,
,Kerala,Ore Udal / One Body,Asha Achy Joseph,2015,2015,Short film,,Violence,Religion,,,,
,Tamil Nadu,Aakkamum Thaakkamum / Potrayals of Transgender Women in Tamil Cinema,N. Muthukumar,2015,2015,Short film,Tamil,Culture,LGBTQ Narratives,,,,
,Tamil Nadu,Manam,Balaji M,2015,2015,Short film,Tamil,Queer Movement,LGBTQ Narratives,,,,
,,Chudala,Maaria Sayed,2016,2016,Short film,"Hindi, Urdu, English subtitle",Identity,LGBTQ Narratives,Violence,,,
,West Bengal,Devi / Goddess,Karishma Dube,2016,2016,Short film,"Bengali, English, Hindi, English subtitles",Desire,LGBTQ Narratives,Identity,,,
,,The 6th Element,Arjun Dutta,2016,2016,Short film,Bengali,Feminist Politics,Desire,Desire,,,
,,Mathrisk,Mrigankasekhar Ganguly,2016,2016,Short film,English,Queer Movement,LGBTQ Narratives,Desire,,,
,,Aakorsho / Bonding,Debadrita Bose,2016,2016,Short film,Bengali,LGBTQ Narratives,Culture,Desire,,,
,,Qube,Nilanjan Karmakar,2016,2016,Short film,Bengali,Queer Movement,LGBTQ Narratives,Desire,,,
,,Ja Kichu Sada Kalo,Sudarshana Chakraborty,2016,2016,Short film,Bengali,Activism,LGBTQ Narratives,Desire,,,
,Maharashtra,Phir Se,Suresh Shelar,2016,2016,Short film,,Desire,LGBTQ Narratives,,,,
,Maharashtra,Darwaaze / Doors,Aditya Joshi,2016,2016,Short film,"Hindi, Marathi",Culture,LGBTQ Narratives,,,,
,,Any Other Day,"Vikrant Dhote, Srikant Ananthkrishnan",2016,2016,Short film,,Queer Movement,LGBTQ Narratives,,,,
,,Project Indian Bride,Mujeer Pasha,2016,2016,Short film,,Culture,LGBTQ Narratives,,,,https://www.youtube.com/watch?v=YdIazXoGrU8
,,All ABout Love,Tejashri Joshi,2016,2016,Short film,"English, Hindi, Marathi",Desire,LGBTQ Narratives,,,,
,,That One Night,Karan Vohra,2016,2016,Short film,"English, Hindi",Culture,Desire,,,,
,,Sandclock,Deepak Miglani,2016,2016,Short film,"English, Hindi",Identity,LGBTQ Narratives,,,,
,,Possibilities / Shakyata,Anindya Shankar Das,2016,2016,Short film,Marathi,Culture,Identity,,,,
,,Pudhakaar...Ek Paaul / Initative...A Step,Prachi Usha Kathale,2016,2016,Short film,Marathi,LGBTQ Narratives,Feminist Politics,,,,
,,It Adhu But Aanaal,Sairam Vishwa,2016,2016,Short film,Tamil,Desire,LGBTQ Narratives,,,,https://www.youtube.com/watch?v=zgOPkpOGQmY
,Tamil Nadu,Mudivai Thaedum Muttrupulli / A Full Stop That Searches For Its End,Vivek Vishwanathan,2016,2016,Short film,Tamil,Identity,LGBTQ Narratives,Desire,,,https://vimeo.com/113195652
,,It's Okay Pammi!,Riya Kulkarni,2017,2017,Short film,Punjabi,LGBTQ Narratives,Identity,Desire,,,
,,Wajood / Selfhood,Vishal Srivastava,2017,2017,Short film,Hindi,LGBTQ Narratives,Identity,Feminist Politics,,,
,,Pehchaan,Chjirag Khatri,2017,2017,Short film,Hindi,Desire,LGBTQ Narratives,,,,https://vimeo.com/224305155
,,Duality / Dvita,Vishal Vasant Ahire,2017,2017,Short film,Hindi,Identity,LGBTQ Narratives,Desire,,,
,,Pashi,Siddharth Chauhan,2017,2017,Short film,"Hindi, Pahadi",Identity,Culture,Desire,,,https://www.youtube.com/watch?v=q7bd6ZMpcXM
,Manipur,It's Not My Choice,Priyakanta Laishram,2017,2017,Short film,,Violence,Activism,LGBTQ Narratives,,,
,,The Clarinets / Shehnaiiya,Debadrita Bose,2017,2017,Short film,"Bengali, English subtitles",Desire,LGBTQ Narratives,Identity,,,
,West Bengal,Gulabi!,Hardik Sadhwani,2017,2017,Short film,"Bengali, Hindi",Identity,Desire,,,,
,,Onno Kadombori,Anup Verma,2017,2017,Short film,"Bengali, English",Desire,LGBTQ Narratives,,,,
,,Megher Golpo,Saikat Das,2017,2017,Short film,Bengali,Identity,Desire,,,,https://www.youtube.com/watch?v=avbMrWj4mlM
,,Utthan: A New Beginning,Sauvik Dey,2017,2017,Short film,Bengali,Queer Movement,LGBTQ Narratives,Desire,,,https://www.youtube.com/watch?v=S-y-bngwqrw
,Maharashtra,Counterfeit Kunkoo,Reema Sengupta,2017,2017,Short film,"Marathi, Hindi, English subtitles",Identity,Culture,Violence,Surekha Sengupta,,https://vimeo.com/440993892
,,Sisak,Faraz Arif Ansari,2017,2017,Short film,,Desire,LGBTQ Narratives,,,,
,,Cover Story,Suhail Abbasi,2017,2017,Short film,,Violence,LGBTQ Narratives,Culture,,,
,,Ankahee,Sreejoni Nag,2017,2017,Short film,,Identity,Culture,,,,
,,Humshakal Khwaab / Identical Dreams,Cynthia Roli Gupta,2017,2017,Short film,"Hindi, English",Feminist Politics,Desire,,,,
,,Love. No Boundary,"Monisha Ajgoankar, Archana Thapliyal",2017,2017,Short film,English ,Culture,Queer Movement,LGBTQ Narratives,,,
,,The Red Dress / Red Wali Dress,Manoj Mathew,2017,2017,Short film,"English, Hindi",Culture,LGBTQ Narratives,Identity,,,
,,Baby Steps,Joyeeta Chatterjee,2017,2017,Short film,"English, Hindi",Identity,LGBTQ Narratives,Culture,,,
,,Bleeding Hearts,Harshit Pachauri,2017,2017,Short film,English,LGBTQ Narratives,Identity,Desire,,,
,,Another Day / Rozana,Raj Rishi More,2017,2017,Short film,,Identity,Feminist Politics,Culture,,,
,Kerala,Anthadhi / End-Beginning,Earthling Koushalya,2017,2017,Short film,Malayalam,LGBTQ Narratives,Feminist Politics,Desire,,,
,,Uttar Thaguthi / Physicality,V. Ramanathan,2017,2017,Short film,"Tamil, English subtitles",Feminist Politics,Identity,Culture,,,
,Kerala,Tritiya,Vishnu Prasad,2017,2017,Short film,Malayalam,Culture,LGBTQ Narratives,,,,https://www.youtube.com/watch?v=Tf0bqjWvfk4
,,Gray,Preet Gohil,2018,2018,Short film,Hindi,Culture,LGBTQ Narratives,,,,
,,Rani,Swapnil Nitin Khadtale,2018,2018,Short film,Hindi,Queer Movement,Feminist Politics,LGBTQ Narratives,,,
,,Stand Up Guddu!!!,Hitendra Vahravadekar,2018,2018,Short film,Hindi,Queer Movement,Feminist Politics,,,,
,West Bengal,Posharini / The Saleswoman,Sreecheta Das,2018,2018,Short film,"Bangla, English subtitles",Feminist Politics,Desire,,,,
,West Bengal ,Awntorale Ananya / The Two Companions,Nilimesh Kar,2018,2018,Short film,Bengali,Desire,LGBTQ Narratives,,,,
,,Languages,Debadrita Bose,2018,2018,Short film,Bengali,Identity,Culture,,,,
,,A Monsoon Date,Tanuja Chandra,2018,2018,Short film,Hindi ,Culture,,,,,https://erosnow.com/movie/watch/1066610/a-monsoon-date
,,Hide and Seek,Susmita Sinha,2018,2018,Short film,Bengali,LGBTQ Narratives,Desire,,,,
,Maharashtra,Witaal,Apurva Bhilare,2018,2018,Short film,"Marathi, English subtitles",Religion,Violence,,Manora Productions,,https://www.youtube.com/watch?v=94tBtX2uDho
,,"Amar, Prem",Mujeer Pasha,2018,2018,Short film,,Desire,,,,,
,,Khwaaish / Desire,Sumit Pawar,2018,2018,Short film,,LGBTQ Narratives,Desire,,,,
,,Ajay,Vikrant Dhote ,2018,2018,Short film,"Marathi, English, Hindi",Culture,Violence,,,,
,,Ardha,Benu Bina Banik,2018,2018,Short film,English,Law,LGBTQ Narratives,,,,
,,The Last Letter,Vishal Jejurkar,2018,2018,Short film,Hindi ,Identity,LGBTQ Narratives,,,,
,,The Booth,Rohin Raveendran,2018,2018,Short film,Hindi,Desire,Culture,,,,https://mubi.com/films/the-booth-2018
,Tamil Nadu,"Clap Louder, Transwoman",Kalki Subramaniam,2018,2018,Short film,Tamil,Activism,Feminist Politics,,,,
,Tamil Nadu,"Fate, I wrote",Kalki Subramaniam,2018,2018,Short film,Tamil,LGBTQ Narratives,Feminist Politics,,,,
,Kerala,May,Harold Anthony Paulson,2018,2018,Short film,Malayalam,Identity,Feminist Politics,,,,
,Tamil Nadu,Natural,Santosh Krishnan,2018,2018,Short film,Tamil,LGBTQ Narratives,Feminist Politics,,,,
,,The Boy,Arunkumar Senthil,2018,2018,Short film,Tamil,LGBTQ Narratives,Feminist Politics,,,,https://www.youtube.com/watch?v=mEnVXjbZtUU
,,Silent Ties,Sai Deodhar,2019,2019,Short film,Hindi,Culture,,,,,
,,By the Beach,Aayushi Kumar,2019,2019,Short film,Hindi,Desire,,,,,
,,Un.Suitables,Taruna Khanagwal,2019,2019,Short film,Hindi,Violence,LGBTQ Narratives,,,,
,,Chunni ,Rakshak Diwan,2019,2019,Short film,Punjabi,Identity,Violence,,,,
,,The Song We Sang,Aarti Neharsh,2019,2019,Short film,"English, Hindi",Desire,,,,,
,West Bengal,Wig,Atanu Mukherjee,2019,2019,Short film,Hindi (English subtitles),Culture,,,,,
,West Bengal,Miss Man,Tathagata Ghosh,2019,2019,Short film,Bengali,Identity,LGBTQ Narratives,,,,
,,Aadiprakriti,"Sauvik Chakraborty, Satyaki Chakraborty",2019,2019,Short film,Bengali,LGBTQ Narratives,Feminist Politics,,,,
,Maharashtra,U for Usha,Rohan Kanawade,2019,2019,Short film,Marathi,Feminist Politics,Desire,,Lotus Visual Productions,,
,,Mud Mud Ke Na Dekho / Do Not Look Back,Mujeer Pasha,2019,2019,Short film,Hindi,LGBTQ Narratives,Feminist Politics,,,,
,,Catch The Light,Siddharth Chauhan,2019,2019,Short film,"English, Hindi",Disability,Identity,,,,
,,Shaadi Ke Kapde,Sonal Giani,2019,2019,Short film,Hindi,Feminist Politics,LGBTQ Narratives,,,,https://www.youtube.com/watch?v=RRpdhNTjyIc
,,Break Free,Vignesh Raj,2019,2019,Short film,English,Violence,Feminist Politics,,,,
,,Visitor's Login,Aditya Dhaval Parekh,2019,2019,Short film,English,LGBTQ Narratives,Feminist Politics,,,,
,,Solitude / Ekaant,Swapnil Pagare,2019,2019,Short film,Marathi,Desire,LGBTQ Narratives,,,,
,Tamil Nadu,Oruvanukku Oruththi? / A Woman for a Man?,Vimal Santiagu,2019,2019,Short film,Tamil,Culture,Feminist Politics,,,,
,,Your's Truly,Ram Shankar,2019,2019,Short film,Tamil,LGBTQ Narratives,Feminist Politics,,,,
,,Fog / Kohrra,Ribhu Ghosh,2020,2020,Short film,Hindi,LGBTQ Narratives,Feminist Politics,,,,
,,Compartment,Abhijit Suvarna,2020,2020,Short film,,Identity,LGBTQ Narratives,,,,
,,Sunday,Arun Fulara,2020,2020,Short film,Hindi,Desire,Feminist Politics,,,,
,,Guptadhan,Makarand Sawant,2020,2020,Short film,Hindi,Identity,Feminist Politics,,,,
,,Love Knows no Gender,Shivankar Arora,2020,2020,Short film,Hindi,LGBTQ Narratives,Feminist Politics,,,,
,,Dawn / Bhor,Raunak Bhatia,2020,2020,Short film,Hindi,Activism,Feminist Politics,Culture,,,
,Sikkim,Mohan Ra Madan,Bkey Agarwal,2020,2020,Short film,,LGBTQ Narratives,Feminist Politics,,,,
,,Muhurtora: Bouquets of Moments,Sandipan Das,2020,2020,Short film,Bengali,LGBTQ Narratives,Feminist Politics,,,,
,,The First Wedding,Akshay Parvatkar,2020,2020,Short film,"Hindi, English, Marathi",Feminist Politics,,,,,https://www.youtube.com/watch?v=pJyFrLHlOvE
,,Closets / Almariyaan,Jiya Bhardwaj,2020,2020,Short film,Hindi,Feminist Politics,Culture,,,,
,,The Lonely Prince,"Shivin, Sunny",2020,2020,Short film,English,Desire,Identity,,,,
,,Keep Punching,Kirnay Bhatt,2020,2020,Short film,Hindi,LGBTQ Narratives,Feminist Politics,,,,
,,Shivanum Mohiniyum,Ramakaushalyan Ramakrishnan,2020,2020,Short film,Tamil,Religion,Feminist Politics,,,,
,,Geeli Puchi,Neeraj Ghaywan,2021,2021,Short film,,Caste,Violence,Culture,"Karan Johar, Apoorva Mehta",Part of Ajeeb Dastaans: Hindi-language anthology film,
,,Shikandini,Sahil D. Gada,2021,2021,Short film,Hindi,Identity,LGBTQ Narratives,,,,
,,Paul 10,Sunil Revankar,2021,2021,Short film,Konkani,Violence,,,,,
,,Vaidya,"Sumit Pawar, Harsh Agarwal",2021,2021,Short film,"Hindi, English",Desire,LGBTQ Narratives,,,,
,,My Mother's Girlfriend,Arun Fulara,2021,2021,Short film,"Hindi, Marathi",Desire,Culture,,,,
,,Are We There Yet? ,"Bhanu Babbal, Kashyap Swaroop",2021,2021,Short film,"English, Hindi, Marathi",Desire,Identity,,,,https://vimeo.com/609696625
,Tamil Nadu,Begum Parvathi,Radhika Prasidhha,2021,2021,Short film,Tamil,LGBTQ Narratives,Desire,,,,
,,Akam / Inside,Jinesh V. S,2021,2021,Short film,Malayalam,Culture,Desire,,,,
,,Refuse / Resist,Shaheen Ahmed,,,Short film,,Feminist Politics,Desire,,,,https://player.vimeo.com/video/69222216