number,date,x,y,year,judgement,asset,asset2,judges,court,description,keyword,keyword2,keyword3,tags,comments,sections,people,links,links2,links3,
1,"November 28, 1962",25,-223882200000,25,0,/assets/Punjab_Haryana.svg,,Justice A.N Grover,High Court of Punjab and Haryana at Chandigarh,"The case upheld restitution of conjugal rights, noting that “a wife’s first duty to her husband is to submit herself obediently to his authority and to remain under his roof and protection”.",Matrimonial Relations,Sexual Authorship,,"sanctity of marriage, bodily autonomy",cases on conjugal rights invoke the understanding of marriage in law,"Sec 9 Hindu Marriage Act, Section 22 Special Marriage Ac",,"Aparna Bhat vs The State Of Madhya Pradesh on 18 March, 2021
Covered gender strereotyping in judicial language, the Dos and Donts of a progressive judgement https://www.scobserver.in/journal/justice-bhats-dos-and-donts-for-progressive-judgment-writing-on-gender-violence-cases/#:~:text=On%20Thursday%2C%20March%2018th%202021,around%20gendered%20sexual%20violence%20cases.",,,
2,"September 15, 1978",130,274645800000,130,0,/assets/SC.svg,,"Justice J. Singh, Justice Kailasam, Justice Koshal",Supreme Court,"The case is one of the alleged custodial rape of Mathura, a minor (adivasi) girl. The Supreme Courtheld that the defendants were not guilty due to the voluntary consent of the victim. As stated in the sessions court, it was held that Mathura willingly gave her consent to the sexual intercourse as she was habituated to it based on the two fingers. ",Sexual Authorship,Identity,Reservation,"Consent, Burden of proof, intersectionality","The learned Sessions Judge found that there was no satisfactory evidence to prove that Mathura was below 16 years of age on the date of the occurrence. He further held that she was “a shocking liar” whose testimony “is riddled with falsehood and improbabilities”. The learned Judge stated that in all probability Mathura had intercourse with the second appellant, that is Ganpat. But he added that there is a world of difference between “sexual intercourse” and “rape”. He stated that Mathura had sexual intercourse with Ganpat on her free will. And Tukaram groped her because she was “habitual to sexual intercourse”. And then concluded that the prosecution had failed to prove its case against the appellants","Section 375, 376, 34, 354",,https://indiankanoon.org/doc/1092711/,https://main.sci.gov.in/jonew/judis/4992.pdf,https://feminisminindia.com/2021/09/02/mathura-rape-case-1972-watershed-moment-india-rape-laws/,
3,"September 15, 1982",175,400876200000,175,0,/assets/SC.svg,,"Justice B Islam, Justice D Desai",Supreme Court,"The case involves an appellant being convicted under Section 377 for an ""unnatural offense"". The magistrate  sentenced him to suffer R.I. for three years (modified to 6 months). The court marked an implication of ""sexual perversity"" to Section 377.",Homosexuality,,,"Sexual perversity, ",Over these 3 laws on Section 377 we see how the tests for attracting the penal provisions have changed from the non-procreative to imitative to sexual perversity.,Section 377,,https://indiankanoon.org/doc/1880919/,,,
4,"July 1, 1983",150,425845800000,150,0, /assets/AP HC.svg,,Justice P Choudary,Andhra Pradesh High Court,The case notes that Section 9 violates dignity and privacy as “sexual cohabitation is an inseparable ingredient of a decree for restitution of conjugal rights”.,Matrimonial Relations,Sexual Authorship,,"sanctity of marriage, coercion","language invoked Hindu traditions, right to privacy implications","Sec 9 Hindu Marriage Act, Section 22 Special Marriage Ac",,link,,,
5,"November 15, 1983",240,437682600000,240,0, /assets/Delhi HC.svg,,Justice A Rohatgi,Delhi High Court ,"The case notes that Sec 9 does not enforce sexual intercourse, which is only one of the elements of marriage",Matrimonial Relations,Sexual Authorship,,sanctity of marriage,,"Sec 9 Hindu Marriage Act, Section 22 Special Marriage Ac",,link,,,
6,"August 8, 1984",225,460751400000,225,0,/assets/SC.svg,,"Justice Mukharji, Justice Sabyasachi (J)",Supreme Court,"The case holds that restitution of conjugal rights does not enforce sexual relations, sex is not the sum total of marriage",Matrimonial Relations,Sexual Authorship,,"sanctity of marriage, bodily autonomy",,,,link,,,
7,"November 12, 1987",300,563653800000,300,0,/assets/SC.svg,,Justice K.J. Shetty,Supreme Court,"The case was filed by appellant Shobha Rani, who alleged that her in-laws and husband were subjecting her to mental cruelty by constant demand for dowry. The appellant seeked divorce. The judgement maintains that cruelty is defined by conduct of the spouse, and the presence of such conduct is enough for dissolution of a marriage. The decree of the appellant was granted within this case. ",Matrimonial Relations,,,"Dowry, Divorce, Cruelty","No specific definition for cruelty - while a broad structure is given, has to be examined case by case. Mental cruelty also counts, not just physical cruelty. ","Section 304 (b), 498, Indian Penal Code",,https://indiankanoon.org/doc/1100461/,,,
8,"March 31, 1988",340,575749800000,340,0, /assets/AP HC.svg,,Justice M. Jagannadha Rao,Andhra Pradesh High Court,The High Court laid the foundation for inclusion of UDCW (Unpaid Domestic and Care Work) in Indian tort law under the category of “loss of services to family” in addition to “loss of consortium.” ,Matrimonial Relations,,,"labour, housework",,not available ,,,,,
9,"December 4, 1990",380,660249000000,380,0, /assets/Madras HC.svg,,Justice Janarthanam,Madras High Court,The case involves the accused being brought to trial for insertion of penis into the mouth of the victim and for insertion of penis in the space between the thighs of the victim. The court convicted him under Section 377 and established that artificially constructed orifices would also come under the ambit of Section 377.,Gender Identity,Homosexuality,,"Sodomy, oral sex","There are elaborate definitions for words like penetration, exibitionism etc. Reinterpretation of ""enveloping"" as defined in Khanu v/s Emperor. ",Section 377,,https://indiankanoon.org/doc/719293/,,,
10,"June 24, 1991",410,677701800000,410,0,/assets/MPHC.svg,,Justice D Dharmadhikar,Madhya Pradesh High Court,The case notes that the wife is an equal partner and refusal to her job does not invoke section 9       ,Matrimonial Relations,Sexual Authorship,,sanctity of marriage,language refers to hindu mythology,"Sec 9 Hindu Marriage Act, Section 22 Special Marriage Ac",,,,,
11,"February 7, 1992",550,697401000000,550,0,/assets/Odisha.svg,,Justice A Pasayat,Orissa High Court,The case involves an alleged coitus per se (sin of Gomorrah) committed by petitioner. He was convicted under Section 377 IPC and sentenced to undergo rigorous imprisonment for of two years. It was held that Oral Sex comes under the ambit of Section 377.,Gender Identity,,,"Sodomy, sexual perversity","By metaphor the word 'intercourse' like the word 'commerce' is applied to the relations of the sexes. ""Sin of Gomorrah"" - reference to the coloniality of the section in itself","Section 377, Section 12 and 13 Sexual Offences Act 1956",,https://indiankanoon.org/doc/276242/,,,
12,"October 13, 1993",600,750450600000,600,0,/assets/SC.svg,,Justice R.M. Sahai,Supreme Court,"The case was filed to revoke property from Ramaswamy, who was considered an 'illegitimate' child since he was not born out of a legally ratified wedding, but a live-in relationship. It was settled by the court that if a man and husband remain in a relationship long enough, it can be considered a legal marriage. The legitimacy of a child born out of such a relationship, and their right to property, was highlighted.",Matrimonial Relations,,,Matrimonial Property,"the Supreme Courthad said, “If a man and woman are living under the same roof and cohabiting for some years, there will be a presumption under Section 114 of the Evidence Act that they live as husband and wife and the children born to them will not be illegitimate.”",-,,https://indiankanoon.org/doc/279063/,,,
13,"November 19, 1993",650,753647400000,650,0,/assets/SC.svg,,Justice B.P. Jeevan Reddy,Supreme Court,"The case was filed by the husband, when he sued his wife for divorce on the ground that the wife is guilty of an 'adulterous course of life.' This was denied by the wife, who levelled allegations of mental instability against her husband. The husband amended his petition; he alleged a new ground for divorce viz., mental cruelty. The allegations made against the husband in court counted toward mental cruelty as upheld by the court. Both allegations made by the parties led the court to believe there was an 'irretrievable breakdown of marriage.' Divorce was granted without a trial. ",Matrimonial Relations,,,"Divorce, Cruelty","This was one of the first cases that defined mental cruelty within its judgement: Mental cruelty in Section 13(1)(i-a) can broadly be defined as that conduct which inflicts upon the other party such mental pain and suffering as would make it not possible for that party to live with the other. 

""the wife alleged in her written statement that her husband was suffering from “mental problems and paranoid disorder”. The wife’s lawyer also levelled allegations of “lunacy” and “insanity” against the husband and his family while he was conducting a cross-examination. The court held these allegations against the husband to constitute “cruelty”.""","Section 13 (i), Hindu Marriage Act",,https://indiankanoon.org/doc/1848484/,https://thewire.in/law/supreme-court-cruelty-ground-for-divorce,,
14,"October 12, 1995",700,813436200000,700,0,/assets/Punjab_Haryana HC.svg,,Justice M.K. Mukherjee ,High Court of Punjab and Haryana at Chandigarh,"The case held KPS Gill; Director General of Police, Punjab, guilty on the charges of molestation. The High Court of Punjab and Haryana upheld Gill's conviction under Section 354 (outraging the modesty of a woman) and Section 509 (word, gesture or act intended to insult a lady) for his action against Rupan Deol Bajaj. It was one of India’s first high-profile sexual harassment trials.",Sexual Authorship,Coercion,,"Consent, Modesty, Coercision","the court had outlined the meaning of modesty: “womanly propriety of behavior; scrupulous chastity of thought, speech and conduct.”  It relied upon a troubling foundation that distinguishes “good” victims from “bad” ones.","Sections 341, 342, 352, 354, and 509 of the Indian Penal Code ",,https://indiankanoon.org/docfragment/579822/?formInput=modesty,,,
15,"July 9, 1997",750,868386600000,750,0,/assets/SC.svg,,Justice K. Ramaswamy,Supreme Court,"The case stated that the women involved in prostitution were not offenders, rather they should be viewed as victims of their unfavorable socio-economic conditions. It emphasized making the women economically independent through self-employment and vocational training.

It was also suggested that the children of sex workers be separated from their mothers for the purpose of 'intermingling with society.' The 'undesirable surroundings of prostitute homes' have been defined as poor areas for children to grow up in. This can have a massively adverse effect on the children who have to be separated from their families.",Labour,,,Sex work,"""""Frailty, the name is woman"", was the ignominy heaped upon women of Victorian Era by William Shakespeare in his great work `Hamlet'."" Infantilising language used for women throughout the judgement.","Article 14, 21, 15, 16, 24, 38, 39(f), 46, 45",,https://indiankanoon.org/doc/40881001/?type=print,"https://lexpeeps.in/case-analysis-gaurav-jain-v-union-of-india/#:~:text=Decision%20of%20the%20Court&text=It%20stated%20that%20the%20women,self%2Demployment%20and%20vocational%20training.",,
16,"August 13, 1997",800,871410600000,800,0,/assets/SC.svg,,"Chief Justice J.S Verma, Justice S Manohar and Justice B.N Kripal",Supreme Court,The case deals with Sexual Harassment of women at her workplace. The Supreme Courtheld that women have the fundamental right towards freedom from sexual harassment in the workplace. It also put forward various important guidelines for employees to follow them avoid sexual harassment of women in the workplace. The court also suggested having proper techniques for the implementation of cases where there is sexual harassment in the workplace. ,Sexual Authorship,Gender Inequality,,"Dignity, Honour, Consent","Laying down guidelines to address sexual harassment at the workplace. This Writ Petition has been filed for the enforcement of the fundamental rights of working women under Articles 14, 19 and 21 of the Constitution of India in view of the prevailing climate in which the violation of these rights is not uncommon. ",Section 509,,https://indiankanoon.org/doc/1031794/,https://nkvermaassociates.com/case-analysis-vishaka-v-s-state-of-rajasthan/,,
17,"January 20, 1999",850,916770600000,850,0,/assets/SC.svg,,Justice vsN.Khare,Supreme Court," The case relates to a female employee who was sexually harassed by a male senior, through unwelcomed sexual conduct that was offensive to her modesty and decency, without actual physical contact had been sexually harassed, the High Court was unable to compartmentalize the act under any of the IPCoffencess, leaving the victim remediless.",Sexual Authorship,,,"Modesty, Dignity, Honour, Consent",first case in the apex court that upheld the vishakha guidelines,none mentioned,,https://indiankanoon.org/doc/856194/,"https://www.juscorpus.com/apparel-export-promotion-council-v-a-k-chopra/#:~:text=The%20case%20%E2%80%9CApparel%20Export%20Promotion,appellant%2C%20Apparel%20Export%20Promotion%20Council.",,
18,"February 17, 1999",900,919189800000,900,0,/assets/SC.svg,,Justice Umesh C. Banerjee,Supreme Court,"The case noted that the language of Section 6 is gender biased and that woman are ""also"" natural guardians of their minor children. Unlike Section 6 which recognises a mother's role after her husbands's and further dwells into how a mother can come to occupy the guardianship, which is upon a husban's demise, renunciation of Hinduism and non-appointment of another guardian in his absence",Matrimonial Relations,,,"mother, natural guardian",Mothers as natural guardians of their children,Section 6 of the Hindu Minority and Guardianship Act of 1956,,"https://timesofindia.indiatimes.com/home/sunday-times/all-that-matters/its-sad-we-needed-the-law-to-tell-us-that-the-mothers-a-natural-guardian-githa-hariharan/articleshow/48033836.cms, https://indiankanoon.org/doc/1241462/",,,
19,"April 26, 2000",950,956687400000,950,0,/assets/SC.svg,,"Justice G.B. Pattanaik, Justice R.P. Sethi, Justice S.V. Patil",Supreme Court,"The case was filed by the father of the deceased Sunita Kumari, who was harassed by her husband and in-laws about dowry and was found dead in 1988 with ligature marks on her neck. The judgement upheld that cruelty or harassment in a marriage can also be constituted by demanding dowry from the wife. The accused, Rakesh Kumar, was acquitted earlier by the High Court of Punjab, but was found guilty of inflicting cruelty upon his wife (the deceased) by the Supreme Court. ",Matrimonial Relations,,,"Cruelty, Dowry","Use of ""learned"" as an adjective to describe lawyer in the judgement. attachment of moral value important in case descriptions?","Section 304 (B), 306, 498, Indian Penal Code",,https://indiankanoon.org/doc/1263837/,,,
20,"August 16, 2001",1000,997900200000,1000,0,/assets/SC.svg,,"Justice G.B. Pattanaik, U.C. Banerjee, S.N. Variava",Supreme Court,The case set 3000 as notional income of housewives and multiplier method used for long-term loss determination,Matrimonial Relations,,,housework,why is the word labour not used when referring to housework in judgement?,Tort law,,link,,,
21,"September 16, 2002",1050,1032114600000,1050,0,/assets/SC.svg,,"Justice U.C. Bannerjee, Shivaraj vs Patil.",Supreme Court,The case noted that taunting women for not cooking proper food does amount to mental cruelty which led to suicide,Matrimonial Relations,,,"housework, cruelty",,"Section 306, 304B, 498A",,https://indiankanoon.org/doc/200402/,,,
22,"February 19, 2003",1100,1045593000000,1100,0,/assets/SC.svg,,"Justice N.S Hegde, Justice B.P. Singh",Supreme Court,"The case covers consent in the context of fraud & deception. The trial court & the High Court have concurrently held that though the prosecutrix had consented to sexual intercourse with the appellant, the consent was obtained by fraud and deception inasmuch as the appellant induced her to consent on the promise that he shall marry her. ",Sexual Authorship,Coercion,," Consent, Coercion, Allurementt","It was the first time Supreme Courtheld that consent given on false promise to marry cannot come under section 375. It would depend on facts and circumstances of each case like the age, social and educational background of that victim, her status in the society would also be taken in to consideration.","Section 90, 375, 376",,https://indiankanoon.org/doc/19954947/,https://timesofindia.indiatimes.com/india/when-sc-didnt-call-it-rape/articleshow/1454377.cms,,
23,"May 26, 2004",1150,1085509800000,1150,0,/assets/SC.svg,,"Chief Justice R. Babu, Justice G.P. Mathur",Supreme Court,"The case brought by Sakshi, an NGO focused on violence against women, filed a petition in the apex court to declare that rape according to Section 375 of the Indian Penal Code includes any kind of penetration by force. Sakshi claimed that the current law limits rape to vaginal penetration only which violated the provisions of the Indian Constitution as well as India’s International commitments under various organs. The court refused to include any other kinds of penetration except forcible vaginal penetration in the ambit of Section 375.",Sexual Authorship,,,"Consent, Dignity","The Court based its decision on stare decisis, a legal principle that requires the courts to follow previously established decisions in the absence of exceptional circumstances, and the need for criminal law to be certain and clear. Altering the established definition of rape under IPC. 375 would lead to confusion and ambiguity and would not be in the interest of society at large.","Section 375, 377, 354",,https://indiankanoon.org/doc/1103956/,https://archive.crin.org/en/library/legal-database/sakshi-v-india-and-ors.html,https://www.barelaw.in/sakshi-vs-union-of-india/,
24,"November 3, 2004",1200,1099420200000,1200,0,/assets/SC.svg,,"Justice P. Venkatarama Reddi, Justice P.P. Naolekar",Supreme Court,"The case is that of the rape of a minor girl, who conceived a child, having given consent under misconception or allurement of fake promises. It was claimed that the accused often made contentions to marry her even though they were of different castes. The trial court concluded that the girl was a minor i.e. below 16 years of age and the consent was taken by the misconception of marrying her, convicted the accused and sentenced rigorous imprisonment of 10 years. However, the case was moved to the apex court. The victim was offered a compensational amount both for her and her daughter born out of the act. The appellant was acquitted, as the conviction by the trial court and the high court was set aside. The issues were subdued by the judges with their explanations as the victim was well aware they are of different caste’s yet she gave her consent for intercourse based on the promise of marriage. She was believed to be making a conscious decision at all times as proved by her evidence in this case. 
",Sexual Authorship,,,"Consent, Coercion",,,https://indiankanoon.org/doc/1181992/,,https://lawfoyer.in/deelip-singh-dilip-kumar-vs-the-state-of-bihar/,,
25,"March 21, 2006",1250,1142879400000,1250,0,/assets/SC.svg,,"Justice B.N. Agrawal, Justice A.K. Mathur, Justice D. Bhandari",Supreme Court,"The case was filed by the husband, and mentioned cruelty as a ground for divorce. The case also was established on the grounds of dissolving the marriage due to irretrievable breakdown. However, even though the court recognised that the need to update the Hindu Marriage Act to have 'irretrievable breakdown' as a reason for divorce exists, it was not used in this case. It also showed the inadequacy of divorce laws as it revealed that women in such cases usually only have the right to maintenance and not the right to property -- this can often be the reason a divorce is then not granted. ",Matrimonial Relations,,,"Divorce, Cruelty, Matrimonial Property","In Naveen Kohli vs Neelu Kohli, AIR 2006 SC 1675, the Supreme Courtrecommended to the Union of India to seriously consider bringing an amendment in the Hindu Marriage Act, 1955 to incorporate irretrievable breakdown of marriage as a ground for divorce in the following words:
""Before we part with this case, on the consideration of the totality of facts, this Court would like to recommend the Union of India to seriously consider bringing an amendment in the Hindu Marriage Act, 1955 to incorporate irretrievable breakdown of marriage as a ground for the grant of divorce. A copy of this judgment be sent to the Secretary, Ministry of Law & Justice, Department of Legal Affairs, Government of India for taking appropriate steps"" AIR 2006 SC 1675, para 96.

the solution to the lack of right to matrimonial property lies in changing laws in that area. It is not a sufficient reason to curtail divorce. In essence, the problem of dependency of women in a marriage should not necessarily mean refusal of divorce. There should be a strengthening of maintenance laws. ","Section 13 (i), Hindu Marriage Act","Anoushka Goel, Shriya Patel",https://indiankanoon.org/doc/1643829/,https://articles.manupatra.com/article-details/Case-Comment-Naveen-Kohli-vs-Neelu-Kohli-Inadequacy-of-Divorce-Laws-in-India,,
26,"July 7, 2006",1300,1152210600000,1300,0,/assets/SC.svg,,"Justice Ashok Bhan, Justice Markandey Katju",Supreme Court,The case of Lata Singh vs State of Uttar Pradesh & Anr is a landmark judgment that has clarified the validity of inter-caste marriages. It can be observed from the court's decision that any person who is a major has a right to choose the partner of their choice.,Coercion ,Identity,,"inter-faith marriage, conversion, choice and coercion, women's honour, love jihad ",,"366, 368 of the IPC",,,,,
27,"August 10, 2006",1350,1155148200000,1350,0,/assets/Gauhati HC.svg,,"Justice P Agarwal, Justice I Ansari",Gauhati High Court,"The case follows the prosecution's allegation that accused Bipul Medhi promised to marry Sewali and believing on the said plea, Sewali allowed the accused to cohabitation with her and as of such cohabitation, she became pregnant. The victim also alleged rape, whereupon the accused was tried for the commission of an offence under Section 493/376, IPC. On the conclusion of the trial, the learned trial court convicted the accused-appellant as aforesaid.
",Sexual Authorship,Coercion,,"Consent, Coercion, Dignity, Modesty","""When an accused makes a false promise to marry, which he never intends to carry out, and induces thereby the victim, so deceived, to have with him sexual act, which the victim would not have indulged in or permitted, had she not been induced by such deception and, when such act of having sexual intercourse by her with the accused causes, or is likely to cause, damage or harm to her body, mind or reputation, the act of the accused would amount to cheating. Thus, when a woman is induced to part with her chastity or virginity, which is the most valued possession of hers, the person, who so induces the woman by making false representation, would be liable for punishment under Section 417, IPC if the victim's having sexual intercourse, with such a person, causes or is likely to cause harm to her body, mind or reputation, for, in such a case, unless so deceived, the victim would, not have permitted sexual act by the accused. To put it differently, had such a victim not been deceived, she would not have permitted sexual act or would have refrained from allowing such sexual act and, clearly in such a case, but for her permitting such sexual act, she would not have suffered harm to her body, mind or reputation""","Section 90, 417 of the Indian Penal Code",,https://indiankanoon.org/doc/440556/,,,
28,"July 10, 2007",1400,1184005800000,1400,0, /assets/Madras HC.svg,,"Justice A.P Shah,  Justice P. Jyothimani",Madras High Court,The case involves a transgender woman who was harrassed routinely by a police officer which led to her immolating herself. The Court ruled unequivocally that this was a case of custodial violence and that the physical and sexual abuse at the hands of the police officers was responsible for her suicide.,Gender identity,Harassment,Dignity,,This is in contrast to cases where a transgender person’s medical history is discussed. The gender identity of a transgender person is regularly constructed as a biological anomaly. - https://translaw.clpr.org.in/case-law/jayalakshmi-vs-state-of-tamil-nadu-ors/,"Section 309 IPC, Section 174, Article 32, 226  ",,https://indiankanoon.org/doc/1373799/,,,
29,"December 6, 2007",1450,1196879400000,1450,0,/assets/SC.svg,,"Justice S.B. Sinha, Justice H S Bedi",Supreme Court,"The case holds up the constitutional validity of Section 30 of the Punjab Excise Act, 1914 prohibiting employment of ""any man under the age of 25 years"" or ""any woman"" in any part of such premises in which liquor or intoxicating drug is consumed by the public ",Individual Autonomy,,,," Article 21, as already indicated, guarantees the protection of “personal autonomy” of an individual. In Anuj Garg vs Hotel Association of India (2008) 3 SCC 1 (paragraphs 34-35), this Court held that personal autonomy includes both the negative right of not to be subject to interference by others and the positive right of individuals to make decisions about their life, to express themselves and to choose which activities to take part in. Self-determination of gender is an integral part of personal autonomy and self-expression and falls within the realm of personal liberty guaranteed under Article 21 of the Constitution of India.","Articles 19(1)(g), 14 and 15 ",,https://indiankanoon.org/doc/845216/,,,
30,"April 30, 2008",1500,1209493800000,1500,0, /assets/Madras HC.svg,,"Chief Justice of India K.G. Balakrishnan and Justice D. Verma, Justice B.S. Chauhan",Madras High Court,"The case entailed an India Today survey on the sexual habits of people residing in Indian cities. The increasing incidence of premarital sex was an issue in that survey which was addressed by actress Khushboo, one of those who spoke to the magazine on this issue. The Bench quashed all 22 criminal proceedings pending against the Tamil film actor Khushboo in various courts in Tamil Nadu and one in Indore, Madhya Pradesh in connection with her remarks on premarital sex. ",Sexual Authorship,,,"Chastity, Purity, Obscenity, Autonomy","Judgment of the Supreme Courtin S. Khushboo vs Kanniammal is a signal contribution to the jurisprudence on free speech. Most of the complainants argued that the views Khushboo expressed in the interview were punishable under the Indian Penal Code's (IPC) provisions dealing with obscenity, defamation, intentional insult to provoke breach of peace, statements conducive to public mischief, and words, gesture or act intended to insult the modesty of a woman and under the Act that prohibits indecent representation of women.","Sections 292, 293 and 294 of the Indian Penal Code",,https://indiankanoon.org/doc/761199/,https://frontline.thehindu.com/other/article30180466.ece,,
31,"April 27, 2009",1550,1240770600000,1550,0, /assets/Madras HC.svg,,Justices Prabha Sridevan and T S Sivagnanam,Madras High Court,The High Court was the first to use the gender-neutral term “homemaker” in the context of UDCW—and deepened the case for valuing UDCW in India by arguing that social reproduction performed by women and by consequence the sustained institution of family are the foundations on which civilised society rests. ,Matrimonial Relations,,,"labour, housework",,Section 173,,,,,
32,"May 29, 2009",1600,1243535400000,1600,0, /assets/Delhi HC.svg,,"Justice A.K. Sikri, Justice vsK. Jain ",Delhi High Court ,The case brought by Dr. Anamika Sharma accuses the Head of the Department of Political Science at Delhi University of sexual harassment. The verdict drawn by the court held the petitioner guilty of the charges of sexual harassment,Sexual Authorship,,,Consent,-,,,https://indiankanoon.org/docfragment/6499449/?formInput=sexual%20harassment%20%20doctypes%3A%20judgments,,,
33,"July 2, 2009",1650,1246473000000,1650,0, /assets/Delhi HC.svg,," Chief Justice AP Shah,  Justice S Muralidhar
    ",Delhi High Court ,The case establishes that Section 377 IPC which criminalizes sex other than heterosexual penile-vaginal was declared unconstitutional. The provisions of Section 377 IPC will continue to govern non-consensual penile non-vaginal sex and penile non-vaginal sex involving minors.,Homosexuality,Gender,Identity,"sexual minority, individual autonomy, LGBT",-lang: carnal intercourse against the order of nature,"Article 14, 21, 15, 19 (1) (a) (b) (c) (d), Section 292 ",,https://indiankanoon.org/doc/100472805/,,,
34,"July 22, 2010",1700,1279737000000,1700,0,/assets/SC.svg,,"Justice G.S. Singhvi, Asok Kumar Ganguly",Supreme Court,"The case recognized that housework's valuation should be more than minimum wage, used language of altruism and not ""work""",Matrimonial Relations,,,"housework, cruelty","language of altruism, not seeing housework as labour",Tort law,,https://www.epw.in/journal/2021/36/special-articles/ode-altruism.html,,,
35,"March 28, 2011",1750,1301250600000,1750,0,/assets/Calcutta HC.svg,,Justice M.K. Sinha,Calcutta High Court,"The case describes the false pretence & fraud to coerce a minor into having sexual intercourse. The appellant, Chand Mohan Sammadder, of the complainant's village, committed sexual intercourse with the complainant aged about 16 years giving her assurance of marriage as a result of which she became pregnant and on being informed the appellant refused to marry her. However, the judgement and order of conviction and sentence passed against the present appellant found him not guilty for the charges under Sections 376/417, IPC, levelled against him, and the present appellant was acquitted from the charges of alleged offences levelled against him. ",Sexual Authorship,Coercion ,,"Consent, Coercion, Purity",examine points 24 & 25 of the case,"Section 375, 376, 417",,https://indiankanoon.org/doc/26326876/,https://www.legalserviceindia.com/legal/article-2680-law-of-rape-a-detailed-study.html,"other similar case: 4 June, 2021- Rajib Sharma vs The State Of Tripura ",
36,"April 19, 2011",1800,1303151400000,1800,0,/assets/SC.svg,,"Justice Markandey Katju, Chief Justice Gyan Sudha Miisra",Supreme Court,"A bench of the Supreme Courtconsisting of myself and Justice Gyansudha Mishra held in Arumugam Servai vs State of Tamil Nadu (2011) that in such cases of ‘honour killing’ death sentence is mandatory, as it comes within the category of ‘rarest of rare’ cases.",Coercion ,Identity,,"inter-faith marriage, conversion, choice and coercion, women's honour, love jihad ",,Section 3 of the SC/ST Act,,,,,
37,"May 9, 2011",1850,1304879400000,1850,0,/assets/SC.svg,,"Justice Markandey Katju, Chief Justice Gyan Sudha Misra",Supreme Court,"The prosecution case is that the appellant was very annoyed with his daughter, who had left her husband Raju and was living in an incestuous relationship with her uncle, Sriniwas. This infuriated the appellant as he thought this conduct of his daughter Seema had dishonoured his family, and hence he strangulated her with an electric wire. The trial court convicted the appellant and this judgment was upheld by the High Court.",Coercion ,Identity,,"inter-faith marriage, conversion, choice and coercion, women's honour, love jihad ",,"Section 162 (1), 313 of the CrPC",,,,,
38,"December 11, 2013",1900,1386700200000,1900,0,/assets/SC.svg,,"Justice G.S. Singhvi, Justice S J Mukhopadhaya",Supreme Court,The case overturned the Delhi High Court case Naz Foundation vs Govt. of NCT of Delhi and reinstated Section 377 of the Indian Penal Code.,Homosexuality,,,"sexual orientation, LGBT","The judges stated that ""a miniscule fraction of the country's population constitutes lesbians, gays, bisexuals or transgenders"" and that the High Court had erroneously relied upon international precedents ""in its anxiety to protect the so-called rights of LGBT persons"". ","Section 377, Article 14, Article 21, Article 15",,https://indiankanoon.org/doc/58730926/,,,
39,"April 15, 2014",1950,1397500200000,1950,0,/assets/SC.svg,,"Justice K.S. Radhakrishnan, Justice A.K. Sikri",Supreme Court,"This case was filed by the National Legal Services Authority of India (NALSA) to legally recognize persons who fall outside the male/female gender binary, including persons who identify as “third gender"".  The Court recognised that third gender persons were entitled to fundamental rights under the Constitution and under International law. Further, it directed state governments to develop mechanisms to realise the rights of “third gender”/transgender persons.",Gender Identity,Reservation,,"sexual orientation, dignity",. lang - protection of identity,"Article 14, 16, 19 (1)(a), 21","Laxmi Narayan Tripathy, Shri Raju Ramachandran, Shri Anand Grover",https://indiankanoon.org/doc/193543132/,,,
40,"April 17, 2014",2000,1397673000000,2000,0, /assets/Madras HC.svg,,Justice S. Nagamuthu ,Madras High Court,"The court declared that the petitioner has the liberty to choose a different sexual/ gender identity as a third gender in the future based on medical declaration ; the petitioner was declared female for all purposes, the order of termination was set aside. ",Sexual Identity,Self Expression,Coercion,"bodily autonomy, trans rights, justice, transexualism",,"Section 8, 14, 15",https://translaw.clpr.org.in/wp-content/uploads/2019/01/I-Jackuline-Mary.pdf,,,,
41,"August 20, 2014",2050,1408473000000,2050,0, /assets/Madras HC.svg,,Justice K.K.Sasidharan,Madras High Court,"Swapna, a transgender woman applied for fresh SSLC and HSC certificates indicating her new name and gender identity. The Joint Director of School Examination (JDSE), Tamil Nadu refused to provide them to her. The JDSE stated that the current rules do not allow such name and sex changes. The court ordered the JDSE to reconsider her application and accept supporting evidence.",Gender Identity,,,"sex reassignment surgery, identity certificate",nomenclature,Article 226,,https://indiankanoon.org/doc/125208179/,,,
42,"September 12, 2014",2100,1410460200000,2100,0,/assets/Calcutta HC.svg,,Justice Subrata Talukdar ,Calcutta High Court,"The Court had to decide whether Pinki had and could be considered capable of committing the offence of rape. Pinki Pramanik was a national-level female athlete who had been cohabiting with a friend of hers whose husband had abandoned her. After 3 years of living together, the woman brought a complaint of sexual assault and rape against Pinki for inducing her into sexual activity on the pretext of marriage and exploiting her vulnerable situation. According to the results, Pinki was ‘deemed’ to be an intersex person.",Sexual Identity,Self Expression,Coercion,"bodily autonomy, trans rights, justice, transexualism",,Section 375 ,https://translaw.clpr.org.in/wp-content/uploads/2018/10/Pinki-Pramanik.pdf,,,,
43,"December 16, 2014",2150,1418668200000,2150,0,/assets/Allahabad HC.svg,,Justice Surya Prakash Kesarwani ,Allahabad High Court ,"Marriage is not a solid grounds for conversion to islam by the girl -- Hindu in this case. The court then, dismissing the petition, did not deal with the issue of life and liberty of two mature individuals in choosing a partner or their right to freedom of choice regarding who they would like to live with.",Coercion ,Identity,,"Interfaith marriage, conversion, choice and coercion, love jihad",,"Articles 25, 26, 25 (1), 226",,,,,
44,"April 8, 2015",2200,1428431400000,2200,0,/assets/SC.svg,,"Justice M.Y. Eqbal, Justice A. Roy",Supreme Court,"The case legitimised that couples living in live-in relationship would be presumed legally married. The relationship in this case was over 20 years long and the couple also had 8 children. To say that their relationship was illegal was declared wrong by the court. The Supreme Courtfurther held that in a live-in relationship, the woman in the relationship would be eligible to inherit the property after the death of her partner.",Matrimonial Relations,,,"Matrimonial Property, Inheritance","Landmark judgement since it marked presumption of live-in relationships as legal marriages - giving property and maintenance rights to women. However, it does open up some problems, especially when looking at 'cruelty' etc as grounds for divorce. ",-,,https://indiankanoon.org/doc/120996908/,,,
45,"October 5, 2015",2250,1443983400000,2250,0, /assets/Delhi HC.svg,,Justice S Mridul,Delhi High Court ,"Shivani, a 19 year old Transgender was forcefully brought from the United States to India by her parents. She was forcefully enrolled in a college in Agra for “reformation”. The Court while showing concern over the vulnerable treatment to transgenders, said that even after the repeal of the Criminal Tribes Act, 1871, transgenders remain socially excluded, living on the fringes of society in ghettoised communities, harassed by the Police and abused by the public.",Harassment,Gender,Identity,,"The trans law has always been attributed to the colonial Criminal Tribes Act, and given namesake sympathy - could be explored. Also, why is ""transgender"" part of the case name in itself, it says ""Shivani (transgender)? Activists considered the judgement significant for its affirmation of the rights of transgender men and recognition of the diversity of the transgender community.  However,  groups also noted that the judgement used female pronouns and not Shivy’s male pronouns","NALSA, Section 364","Maneka Guruswamy, Shivani",https://indiankanoon.org/doc/10525112/,,,
46,"November 3, 2015",2300,1446489000000,2300,0, /assets/Madras HC.svg,,"Justice SK Kaul, Chief Justice P Sathyanarayana",Madras High Court," Despite the Supreme Courtjudgment in NALSA v Union of India, the application form for the selection of Sub Inspector did not account for “third gender” applicants. In this case she was disqualified from completing the selection process on the basis of the 1.11-second delay in her physical test. Finally, the court stated that a 1.11 seconds difference in a physical test should not become an obstacle for her recruitment",Gender Identity,,,self identified gender,"The Court noted that no one understood the discrimination faced by the transgender community. It recounted the harassment inflicted on Prithika throughout the selection process, which required her to go to court at each stage to assert her rights.",NALSA,,https://indiankanoon.org/doc/157339454/,,,
47,"October 3, 2016",2350,1475433000000,2350,0,/assets/SC.svg,,"Justice D Misra, Justice C. Nagappan",Supreme Court,"The judgement is about a man who was abducted and murdered, and then his body put to fire by the brothers of the girl, who he was in a relationship with. The High Court upheld the judgment of the trial court, and granted the Yadav brothers imprisonment for 25 years, while imprisonment for 20 years was awarded to Sukhdev Singh.",Coercion ,Identity,,"inter-faith marriage, conversion, choice and coercion, women's honour, love jihad ",,"Sections 302, 364, 201 read with Section 34 of the Indian Penal Code (IPC)",,,,,
48,"October 6, 2016",2400,1475692200000,2400,0,/assets/SC.svg,,Justice Anil Dave and Justice Nageshwara Rao,Supreme Court,"
The case notes that a wife residing with the husband's parents is desirable in Hindu culture. A Hindu son can divorce his wife for the cruelty of trying to pry him away from his “pious obligation” to live with his aged parents and provide shelter to them, the Supreme Courthas held.",Matrimonial Relations,,,cruelty,"cohabitation with in-laws, marriage and gender roles intersection",Section 13 and Section 28 Hindu Marriage Act,,"https://www.thehindu.com/news/national/Hindu-son-can-divorce-wife-if-she-tries-to-separate-him-from-aged-parents/article55917857.ece, https://indiankanoon.org/doc/130314186/ ",,,
49,"April 3, 2017",2450,1491157800000,2450,0,/assets/Gujarat HC.svg,,Justice J.B. Pardiwala,Gujarat High Court,"The case stated that clients of sex workers could be penalised under Section 370 (trafficking of persons) of the Indian Penal Code (IPC); however, the High Court provided a caveat that in cases where sex work is voluntary, Section 370 would not apply.",Labour,,,Sex work,-,"Section 370 (trafficking of persons) of the Indian Penal Code (IPC), Immoral Trafficking Prevention Act (ITPA), 1956",,https://indiankanoon.org/doc/147708763/,https://www.firstpost.com/india/gujarat-high-court-ruling-opens-doors-to-legal-changes-in-prostitution-recognise-rights-of-voluntary-sex-workers-3456356.html,,
50,"May 24, 2017",2500,1495564200000,2500,0,/assets/Kerala HC.svg,,"Justices Surendra Mohan Kuriakose, Justice Abraham Mathew ",Kerala High Court,"Hadiya's marriage to Shafin Jahan was challenged by the former's family on grounds of forced religious conversion and the Kerala High Courtannuled their marriage. Hadiya's marriage was annulled by the High Court of Kerala on the grounds that Hadiya was a victim of indoctrination and psychological kidnapping, and that their claims of their marriage being arranged through a matrimony website were ""bogus"".The High Court of Kerala then handed over Hadiya's custody to her father, Ashokan, arguing that ""As per Indian tradition, the custody of an unmarried daughter is with the parents, until she is properly married",Coercion ,Identity,,"inter-faith marriage, conversion, choice and coercion, women's honour, love jihad ",,"Articles 226, 8, 16 ",,,,,
51,"August 22, 2017",2550,1503340200000,2550,0,/assets/SC.svg,,"Justice Jagdish Singh Khehar, Justice S. Abdul Nazeer, Justice Rohinton Fali Nariman, Justice Uday Lalit, Justice K. M. Joseph",Supreme Court,The five-judge bench of the Supreme Courtgave its decision in favour of Shayara Bano and others. It declared the practice of Triple Talaq unconstitutional by a 3:2 majority and directed the legislature to take measures against it in order to stop the abuse against women,Matrimonial Relations,Identity,,"religion, divorce",,Article 25,,,,,
52,"August 24, 2017",2600,1503513000000,2600,0,/assets/SC.svg,,"Justice K Kaul,  Justice D Chandrachud, Justice  K Agrawal,  Justice S Khehar,  Justice A Bobde,  Justice A Nazeer,  Justice D Chandrachud,  Justice K Agrawal, Justice  S Khehar",Supreme Court,"The court unanimously held that “the right to privacy is protected as an intrinsic part of the right to life and personal liberty under Article 21 and as a part of the freedoms guaranteed by Part III of the Constitution”. It explicitly overrules previous judgements of the Supreme Courtin Kharak Singh vs State of UP and M.P Sharma vs Union of India, which held that there is no fundamental right to privacy under the Indian Constitution. Right to Privacy was also extended to every individual irrespective of their gender and sex. ",Individual Autonomy,,,"privacy, personal liberty",Recognition of privacy for members of the LGBTQIA community as an inalienable grants them autonomy and protection from State action while exercising their right to choose their partners. ,"Article 14, 19, 21 Section 377",,https://indiankanoon.org/doc/91938676/,,,
53,"September 28, 2017",2650,1506537000000,2650,0,/assets/Kerala.svg,,"Justice vsChitambaresh, Justice Sathish Ninan ",Kerala High Court,"The Bench observed that there is a trend in the state to sensationalise every case of inter-religious marriage as either 'Love Jihad or 'Ghar Wapsi' even if there was platonic love between the spouses before. Constitution of India guarantees to every citizen the right to freely profess, practice and propogate any religion which cannot be trampled upon by subversive forces or religious outfits",Coercion ,Identity,,"inter-faith marriage, conversion, choice and coercion, women's honour, love jihad ",,"Section 482, 342 of CrPC ; 34 (IPC)",,,,,
54,"October 11, 2017",2700,1507660200000,2700,0,/assets/SC.svg,,"Justice M. Lokur, Justice D. Gupta",Supreme Court,"The case made by Independent Thought, a human rights organization, petitioned against Exception 2 to Section 375 of the Indian Penal Code, which provides for discrimination against a girl child. The Criminal Law Amendment Act, 2013, raised the age of consent for sex from 16 to 18. However, Exception 2 states that sex between a husband and his wife can be performed even if the marriage is not consensual and for that the woman has to be above 15 years of age.  The POSCO Act 2012 defines age for consensual sex as 18 years old. However, the above Exception 2 is contradictory to Section 3 of the Act which criminalizes the possession of obscene materials. The Division Bench, of the SC, in two opinions, ruled to criminalize rape in child marriages, and also called for several other legal reforms to prevent and address violations of girls’ rights from child marriage.",Sexual Authorship,Coercion ,,"Consent, Dignity, Coercion","On October 11, 2017, the Supreme Courtof India issued a landmark judgment recognizing every girl’s right to bodily integrity, and penalizing rape within child marriage.",Article 14 | Section 375,,https://www.lawinsider.in/judgment/independent-thought-vs-union-of-india-anr,"https://www.lawinsider.in/columns/landmark-judgements-that-shaped-the-rape-laws-in-india#:~:text=The%20Criminal%20Law%20Amendment%20Act%2C%202013%2C%20raised%20the%20age%20of,above%2015%20years%20of%20age",https://reproductiverights.org/sites/default/files/documents/Independent-Thought-Factsheet-0118.pdf,
55,"January 5, 2018",2750,1515090600000,2750,0,/assets/SC.svg,,"Jutsice D Misra, Justice AM Khanwalikar, Justice D.Y Chandrachud ",Supreme Court,"The daughter of pertitioner, who was major, expressed her desire to reside with her father in Kuwait, where she was pursuing her education. The Supreme Courtdismissed the habeas corpus petition filed by her mother, holding that the daughter being major was entitled to exercise her choice. Further opening up possibilties for cases like Sreeja vs Commissioner of Police, Kerala HC. ",Coercion ,Identity,,"inter-faith marriage, conversion, choice and coercion, women's honour, love jihad ",,Section 9 of the Guardians and Wards Act,,,,,
56,"March 8, 2018",2800,1520447400000,2800,0,/assets/SC.svg,,"Justice D Misra, Justice A.M Khanwilkar",Supreme Court,"Jahan appealed the Kerala High Courtorder, and moved to the Supreme Court. In November 2017, the Supreme Courtof India directed Hadiya to resume her internship, and that she was free to meet whomever she wanted.In March 2018, the Supreme Courtrestored Hadiya's marriage, 10 months after the Kerala High Courtannulled it. On 8 March 2018, Hadiya's marriage was restored by the Supreme Court.",Coercion ,Identity,,"inter-faith marriage, conversion, choice and coercion, women's honour, love jihad ",,,,,,,
57,"March 27, 2018",2850,1522089000000,2850,0,/assets/SC.svg,,Justice D Misra ,Supreme Court,"Shakti Vahini, an NGO filed a petition to argue that any attempt by Khap Panchayats or any other assembly to scuttle or preventing two consenting adults from marrying is absolutely 'illegal' and laid down preventive, remedial and punitive measures in this regard. The judgment also says that Khap panchayats should not take the law into their hands and cannot assume the character of a law implementing agency for that authority has not been conferred upon them under any law.",Coercion ,Identity,,"inter-faith marriage, conversion, choice and coercion, women's honour, love jihad ",,"Section 151, 300, 302 of the IPC",,,,,
58,"May 11, 2018",2900,1525977000000,2900,0, /assets/Uttarakhand HC.svg,,"Justice Lok Pal Singh, Justice vsK Bisht",Uttarakhand High Court,"Emphasised the need for a Freedom of Religion Act for the state of UK to curb sham practices of conversion only for the purpose of marriage. The court said such incidents not only infringe the freedom of religion of the persons so converted but alos militate against the secular fabric of our society. Consequetly, also birthed the Uttarakhand Freedom of Religion Act, 2018",Coercion ,Identity,,"inter-faith marriage, conversion, choice and coercion, women's honour, love jihad ",,"Article 19, 21, 14",,,,,
59,"July 11, 2018",2950,1531247400000,2950,0,/assets/SC.svg,,"Chief Justice D Misra, Justice Khanwilkar 
Justice Nariman
Justice Chandrachud
Justice Malhotra",Supreme Court,"The case follows the Public Interest Litigation filed by Joseph Shine under Article 32 of the Constitution. The petition challenged the constitutionality of the offence of adultery under Section 497 of the IPC read with Section 198(2) of the Criminal Procedure Code, 1973. The unanimous five-judge verdict of the Supreme Courtstruck down adultery as a criminal offence. The case notes that Sec 497 violates both right to sexual autonomy in consensual relations (Art 21 and is based on steretypes of women in marriage ( Art 14, 15)",Matrimonial Relations,Sexual Authorship,,sexual self-determination/autonomy/agency protection of marriage,"Chandrachud: passive versus active desire; marriage based on equality of spouses but 497 devoids women of identity in marriage. Implications for marital rape ""Sharing of physical intimacies is a reflection of choice."" marriage as a ""consensual sphere""","Sec 9 Hindu Marriage Act, Section 22 Special Marriage Ac",,link,,,
60,"July 20, 2018",3000,1532025000000,3000,0,/assets/Punjab_Haryana HC.svg,,Justice Rajiv Narain Raina,High Court of Punjab and Haryana at Chandigarh,An interfaith couple petitioned the District Magistrate from desisting sending notices of intended marriage to their parents and publication of propsed marriage in face of virulent opposition from their families. Citing that the notice impinges upon their right to privacy. The writ petition was accepted and the DM was requested to process the request for solemnization of marriage of the petitioners. ,Sexual Authorship,,,"privacy, personal liberty,individual autonomy",,"Section 5, 14, 6 in the Special Marriage Act ",,,,,
61,"August 1, 2018",3050,1533061800000,3050,0,/assets/Punjab_Haryana HC.svg,,Justice S. vs Kotwal,Mumbai High Court,The case notes that prodding women to do housework and cook properly does not amount to cruelty,Matrimonial Relations,Labour,,"housework, cruelty",,"Section 313, 306, 498A",,https://indiankanoon.org/doc/49164302/,,,
62,"September 6, 2018",3100,1536172200000,3100,0,,,Navtej Singh Johar v/s Union Of India,Navtej Singh Johar v/s Union Of India,"The case challenges the judgement made in Suresh Kumar Koushal & Anr vs Naz Foundation & Ors through a petition made by five individuals from the LGBTQ community for scrapping Section 377 IPC in so far as it criminalized consensual sex between homosexuals. This case is indicative of a landmark decision of the Supreme Courtof India that decriminalised all consensual sex among adults, including homosexual sex",Sexual Authorship,Homosexuality,Identity,"Sexual Minority, Dignity, Identity",sexual authorship & interplay with the rights of the LGBT community,Article 14 & 21|Section 377,,https://indiankanoon.org/doc/168671544/,https://www.legalserviceindia.com/legal/article-6402-case-summary-navtej-singh-johar-v-s-union-of-india.html,,
63,"September 6, 2018",3150,1536172200000,3150,0,/assets/SC.svg,,Navtej Singh Johar v/s Union Of India,Navtej Singh Johar v/s Union Of India,"Decriminalised all consensual sex among adults, including homosexual sex. The court delivered its unanimous verdict, declaring portions of the law relating to consensual sexual acts between adults unconstitutional.[2][19] This decision overturns the 2013 ruling in Suresh Kumar Koushal vs Naz Foundation in which the court upheld the law.[2][20] However, other portions of Section 377 relating to sex with minors, non-consensual sexual acts, and bestiality remain in force.",Gender Identity,,,"LGBT, sexual orientation, individual autonomy","While reading the judgment, the then Chief Justice of India D Misra pronounced that the court found ""criminalising carnal intercourse"" to be ""irrational, arbitrary and manifestly unconstitutional"".[2] The court ruled that LGBT people in India are entitled to all constitutional rights, including the liberties protected by the Constitution of India.[21] It held that ""the choice of whom to partner, the ability to find fulfilment in sexual intimacies and the right not to be subjected to discriminatory behaviour are intrinsic to the constitutional protection of sexual orientation"".[21] ""History owes an apology to the members of this community and their families, for the delay in providing redressal for the ignominy and ostracism that they have suffered through the centuries. The members of this community were compelled to live a life full of fear of reprisal and persecution. This was on account of the ignorance of the majority to recognise that homosexuality is a completely natural condition, part of a range of human sexuality."" said Hon'ble Justice Indu Malhotra. The judgement also made note that LGBT community is entitled to equal citizenship and protection under law, without discrimination.","Section 377, NALSA Case, Article 14, 21",,https://indiankanoon.org/doc/168671544/,,,
64,"September 24, 2018",3200,1537727400000,3200,0,/assets/SC.svg,,Navtej Singh Johar v/s Union Of India,Navtej Singh Johar v/s Union Of India,"On the 24th of September, 2018, a division bench of the Kerala High Courtruled that a same sex couple had a right to live in a live-in relationship. However, this question arose only co-incidentally in a case which was primarily about illegal confinement. This is the first documented case, as per available court records, in which the romantic relationship between the two women in question is openly acknowledged.",Sexual Identity,Self Expression,Coercion,"personal liberty, homosexuality, honour, consent ",,"Section 156, 154, 482 of CrCP",,,,,
65,"September 26, 2018",3250,1537900200000,3250,0,/assets/SC.svg,,"Justice A Bhushan, Justice A Khanwilkar, Justice A Sikri,  Justice D Misra",Supreme Court,"Puttaswamy (2017) privacy landmark judgment of the nine-judge bench in some detail in order to glean the scope of the right to privacy. That life and personal liberty cannot be separated and are the foundational pillars of the Constitution. The right to privacy emerges from them and includes personal choices governing the way of life and preservation of personal intimacies, family, marriage, procreation and sexual integration are all intrinsic for exercising such rights",Sexual Authorship,,,"privacy, personal liberty,individual autonomy",,"Section 2, 7 of income tax act",,,,,
66,"September 28, 2018",3300,1538073000000,3300,0,/assets/SC.svg,,Chief Justice of India Dipak Misra,Supreme Court,"The case was filed by the Young Lawyers Association through Public Interest Litigation, regarding the entry of women into the Sabrimala Temple. Entry to the temple is forbidden for women in their menstruating age (that is between the age of 10 to 50 years) and the reason given for the same is that it is a place of worship. The apex court allowed entry of women of all age groups to the Sabarimala Temple, and held that “Devotion cannot be subjected to Gender Discrimination”.",Identity,,,Intersectionality (religion),"Judgement states: ""The dualism that persists in religion by glorifying and venerating women as goddesses on one hand and by imposing rigorous sanctions on the other hand in matters of devotion has to be abandoned. Such a dualistic approach and an entrenched mindset results in indignity to women and degradation of their status.""","Article 14, 15, 19(1), 21 and 25(1) of the Indian Constitution. It struck down Rule 3(b) of the Kerala Hindu Places of Public Worship Act as unconstitutional.",,https://indiankanoon.org/doc/163639357/,,,
67,"October 30, 2018",3350,1540837800000,3350,0,/assets/SC.svg,,"Justice R. Gogoi, Justice U.U. Lalit, Justice K.M. Joseph",Supreme Court,"This case was about seeking maintenance after the breakdown of a live-in relationship. The court granted the order for the woman to recieve maintenance from her partner. Although section 125 of the Code of Criminal Procedure grants this right to only a 'legally wedded wife', the court granted maintenance to the petitioner under provisions of the Domestic Violence Act.",Matrimonial Relations,,,"Cruelty, Maintenance",noted that economic abuse counts as domestic violence - hence invokation of DV act. ,"Domestic Violence Act, 2005",,https://indiankanoon.org/doc/6354756/,,,
68,"April 22, 2019",3400,1555871400000,3400,0, /assets/Madras HC.svg,,Justice GR Swaminathan,Madras High Court,The court recognised transwomen as brides under Hindu Marriage Act of 1955 for the first time.,Gender Identity,,, individual autonomy,,"Tamil Nadu Registration of Marriages Act, 2009, NALSA Judgement, Hindu Marriage Act of 1955, Articles 14, 19(1)(a), 21 and 25 ",,https://indiankanoon.org/doc/188806075/,,,
69,"May 22, 2019",3450,1558463400000,3450,0,/assets/Kerala HC.svg,,Justice R.N. Pisharadi ,Kerala High Court,"The case holds that the accused/petitioner was found making obscene gestures having sexual flavour, degrading the dignity of the women who were passing through the road. Section 119(1)(a) of the Act penalizes the performance of sexual gestures or acts, in public places, degrading the dignity of women. However,  the fact that no woman has made any complaint against the act allegedly performed by the petitioner or no woman aggrieved by such act was questioned by the police, is not fatal to the prosecution case against the petitioner. All proceedings against the petitioner were, therefore, quashed.",Sexual Authorship,,,Degrading' Dignity,"""The prosecution need not establish that, by the performance of a sexual gesture or act by a person in a public place, dignity of any particular woman was degraded. It is sufficient for the prosecution to establish that sexual gesture or act performed by a person in a public place has degraded the dignity of women as a class"".",Section 119 (A),,https://primelegal.in/wp-content/uploads/2022/07/Arun_P_vs_State_Of_Kerala_on_22_April_2022.pdf,https://indiankanoon.org/doc/156885124/,,
70,"May 31, 2019",3500,1559241000000,3500,0, /assets/Uttarakhand HC.svg,,Justice R Maithani,Uttarakhand High Court,"The case was filed by a transgender woman, who was repeatedly abused, raped and blackmailed by the accused. Even after reaffirming her gender multiple times and mentioning that she had undergone gender reassignment surgery, the investigating officer filed the case under Section 377 - 'unnatural sex.' The petition was filed to direct the State government to treat the Petitioner as a female in accordance with the law. The court relied on the NALSA vs Union of India judgement ruling, and came down heavily on the State, the Senior Public Servant, and the Investigating Officer for ignoring the decision of the Supreme Courtand relying on 'biological' factors.",Gender Identity,,,"Trangender, sexual assault","""The judgment affirmed NALSA and stated that a denial of the right to self-identify one’s gender would deny the right to life and liberty.  It is especially significant since it is one of the first cases that affirmed the right to self-determination based on the ‘psyche’ of the individual even in the context of the criminal law.

Criminal laws are usually interpreted narrowly and with specificity, and provisions on sexual violence are gender specific. The Court did not allow this to become a bar in interpreting the provision in light of the recognition of transgender persons in NALSA. It has set aside the “medical” or “biological” tests for determining gender.""","Section 376 of the Indian Penal Code, 1860",,https://translaw.clpr.org.in/wp-content/uploads/2021/06/Shilpi-Lawrence-Judgment-on-the-issue.pdf,https://translaw.clpr.org.in/case-law/ms-x-v-state-of-uttarakhand/,,
71,"January 17, 2020",3550,1579199400000,3550,0,/assets/Gujarat HC.svg,,"Justice J.B Paridiwala, Justice Bhargav D. Karia",Gujarat High Court,"The case deals with the matter of rape. The court, while looking at an appeal, noted that the two-finger test that was conducted during the investigation of the matter was unconstitutional and harmed the privacy of the woman. The court further stated that it was highly unscientific and very intrusive, having no forensic value for the court in the matter of sexual assault.  ",Sexual Authorship,,,"Bodily Autonomy, Consent","The court held that “Whether a survivor is habituated to sexual intercourse before the assault has absolutely no bearing on whether she consented when the rape occurred. Section 155 of the Indian Evidence Act, does not allow a rape victim’s credibility to be compromised on the ground that she is “of generally immoral character. The two finger test is unconstitutional. It violates the right of the victim to privacy, physical and mental integrity and dignity. Thus, this test, even if the report is affirmative, cannot ipso facto, give rise to a presumption of consent.”","Section 155, Indian Evidence Act, Section 366, 375",,https://www.reddyandreddy.org/wp-content/uploads/2020/01/State-of-Gujarat-v.-Rameshchandra-Panchal.pdf,,,
72,"May 1, 2020",3600,1588271400000,3600,0,/assets/Rajasthan HC.svg,,"Justice Sandeep Mehta, Justice Pushpendra Singh Bhati",Rajasthan High Court,"The case revolves around a minor girl who was sexually assaulted and concieved. Her petition to seek termination of pregnancy was denied by single judge bench, citing Article 21 ('right to life') of the fetus. When appealed, the division bench overturned this decision and emphasized on how a women's right to make reproductive choices also becomes a matter of personal liberty under article 21. ",Sexual Authorship,,,"Consent, Agency","“There is no doubt that a woman’s right to make reproductive choices is also a dimension of ‘personal liberty’ as understood under Article 21 of the Constitution of India. It is important to recognise that reproductive choices can be exercised to procreate as well as to abstain from procreating. The crucial consideration is that a woman’s right to privacy, dignity and bodily integrity should be respected. This means that there should be no restriction whatsoever on the exercise of reproductive choices such as a woman’s right to refuse participation in sexual activity or alternatively the insistence on the use of contraceptive methods.”",Article 21,,https://indiankanoon.org/doc/141653471/,,,
73,"June 12, 2020",3650,1591900200000,3650,0, /assets/Delhi HC.svg,,"Justice Hima Kohli, Justice Asha Menon",Delhi High Court ,The case notes that the wife not showing any initiative to do household work is not cruelty,Matrimonial Relations,Labour,,"housework, cruelty",,"Sec 498A IPC, Sec 13(1) HMA",,HMA 13(1); https://indiankanoon.org/doc/89914097/,,,
74,"June 12, 2020",3700,1591900200000,3700,0, /assets/Uttarakhand HC.svg,,Justice Sharad Kumar Sharma ,Uttarakhand High Court,"Relying on the Sony Gerry case (among other arguments), the Uttarakhand High Court recently made an important remark related to the relationship of the homosexual couples to choose their life partner and to live with each other, without any pressure from their parents or the society. High Court dismissed the writ of habeas corpus because she refused any wrongful confinement by the respondents.",Sexual Identity,Self Expression,Coercion,"personal liberty, homosexuality, honour, consent ",,"Article 226, 21 (Sony Gerry vs Gerry Douglas case) ",,,,,
75,"August 11, 2020",3750,1597084200000,3750,0,/assets/SC.svg,,"Justice A. Mishra, Justice M. R. Shah, Justice S. Abdul Nazeer",Supreme Court,"The case dealt with issues of coparceners, and whether daughters can claim equal rights and liabilities in coparcenary as that of a son (especially those born before the amendment to the Hindu Marriage Act in 2005, which granted rights to daughters as coparceners). The Supreme Courtheld that daughters have equal coparcenary rights in Hindu Undivided Family (HUF) property. The court held that this right arises by taking birth. So when a daughter is born, she also steps into the coparcenary as that of a son.",Matrimonial Relations,,,"Matrimonial Property, Inheritance","However, a daughter born before can claim these rights only with effect from the date of the amendment, i.e., September 9, 2005, with saving of past transactions as provided in the proviso to Section 6(1) read with Section 6(5). Further, the court also clarified that since the right in coparcenary is by birth, father coparcener doesn’t need to be living as on 9.9.2005.","Section 6, Hindu Succession Act",,https://indiankanoon.org/doc/67965481/,https://feminisminindia.com/2020/12/28/10-feminist-judgements-of-2020-proud-of/,,
76,"September 30, 2020",3800,1601404200000,3800,0, /assets/Maharashtra HC.svg,,Justice P. K. Chavan,Bombay High Court,The case was against three sex workers as a result of 'engaging in prostitution.' The three had been kept in a corrective home for three years when the judge ordered their release. The court highlighted that adult women had the right to choose their own vocation and also could not be detained without their consent. ,Labour,,,Sex work,"Justice Prithviraj Chavan said the purpose and the object of the Immoral Traffic (Prevention) Act (PITA), 1956 is not to abolish prostitution. ""There is no provision under the law which makes prostitution per se a criminal offence or punishes a person because he indulges in prostitution,"" the judge as quoted by The Hindustan Times. What is punishable under the law is the exploitation or abuse of a person for commercial purposes and soliciting in public places.","Immoral Traffic (Prevention) Act, 1956.",,https://indiankanoon.org/doc/99097661/,https://thelogicalindian.com/trending/women-have-right-to-choose-vocation-bombay-hc-sets-three-sex-workers-free-23979,,
77,"January 1, 2021",3850,1609439400000,3850,0,/assets/SC.svg,,Justices N V Ramana and Surya Kant,Supreme Court,"The case noted that even if the homemaker didn’t receive an income for her work, it still had economic value, which should be calculated in the insurance dispute case",Matrimonial Relations,Labour,,"social reproductive labour, housework",,Tort law,,"Unequal Housework Top Source of Marriage Conflicts;  Mumbai Session's court-Doing household chores and going to work does not amount to cruelty but are part of responsibilities. Happened after SC judgement, bench referred to the sheer plethora of activities a homemaker performs, the gendered division of homework and the massive scale at which women list housework as their occupation in India, Section 498A",,,
78,"January 12, 2021",3900,1610389800000,3900,0,/assets/Allahabad HC.svg,,Justice Vivek Chaudhury,Allahabad High Court ,"Smt. Safia Sultana after converting to Hindu religion, married consistent with Hindu rituals. After marriage, her father was not allowing her to live with her husband. Matter reached the court as a Habeas Corpus Petition through husband demanding the discharge of Safiya from her father‘s custody.
",Coercion ,Identity,,"inter-faith marriage, conversion, choice and coercion, women's honour, love jihad ",,"Sections 5,6,7 of the 1954 SMA Act ",,,,,
79,"February 17, 2021",3950,1613500200000,3950,0,,,Additional Chief Metropolitan Magistrate (ACMM) Ravindra Pandey,Delhi District Court,"The criminal defamation case filed by MJ Akbar accused Priya Ramani of having falsely accused Akbar of ""predatory conduct"". The court acquitted Ramani, & stated that ""a man of social status can also be a sexual harasser"" and that a ""woman has the right to raise her grievances even after decades"".",Sexual Authorship ,,,"Dignity, Consent, Coercion","Section 499, 500 of IPC",Section 499 in The Indian Penal Code,https://indiankanoon.org/doc/52182353/,https://www.aspireias.com/daily-news-analysis-current-affairs/Criminal-Defamation-Case-Priya-Ramani-case,https://indianexpress.com/article/india/metoo-timeline-defamation-case-priya-ramani-mj-akbar-7192604/,https://www.bbc.com/news/world-asia-india-56006498,https://www.hindustantimes.com/india-news/priya-ramani-vs-mj-akbar-case-5-takeaways-from-the-order-101613621211188.html
80,"March 15, 2021",4000,1615746600000,4000,0, /assets/Kerala HC.svg,,Justice A Sivaraman,High Court of Kerala,"The Petitioner, Hina Haneefa, is a trans woman. She had undergone reassignment surgery and got a transgender identity card showing her gender identity as female. She had applied to be a part of the National Cadets Corps (NCC) but was refused admission to the Girls Divisions as she was a transgender person. She challenged this rejection of admission before the Kerala High Courtas it violated her fundamental rights.",Dignity,Gender Identity,,Individual Autonomy,"While the judgement offered some respite, still shows how backward we are in our understanding of gender. The court only recognised three genders - male, female, transgender.  However, it remains a landmark judgement when looking at self determination of gender identity. ","Challenged section 6 of the National Cadet Corps Act, 1948",,https://translaw.clpr.org.in/wp-content/uploads/2021/04/Hina-Haneefa-v-State-of-Kerala-trans-woman-in-NCC.pdf,https://translaw.clpr.org.in/case-law/hina-haneefa-muhammed-ashif-alin-v-state-of-kerala/,,
81,"June 7, 2021",4050,1623004200000,4050,0, /assets/Madras HC.svg,,Justice A Venkatesh,Madras High Court,"A lesbian couple filed a writ petition to ask the police to stop harassing them, and to seek protection from their parents after fleeing from their homes.The Court held that the police should close complaints for missing persons once they find that they are in a consensual relationship. The Court ordered sensitisation programs to ensure that the rights of LGBTQIA+ persons and recognised multiple stakeholders for which these programs should be carried out: the police, legal services authorities, the lower judiciary, health professionals and workers, educational institutions, public and private workplaces, and parents of LGBTQIA+ persons.",Dignity,Gender Identity,,Individual Autonomy,"Some of the other significant guidelines include: prohibition of any attempts to medically ‘cure’ sexual orientation or gender identity; change in curricula to educate students on understanding the LGBTQIA+ community;. inclusivity in hiring policies and extension of work benefits to members of the LGBTQIA+ community. the right to free legal aid for the LGBTQIA+ community.
However, the judgment only covers medical conversion therapy and does not extend to therapies used in alternative medicine or religious therapy.","Article 14, NALSA vs. Union of India and Naz Foundation vs. Government of NCT of Delhi",,https://translaw.clpr.org.in/wp-content/uploads/2021/08/S_Sushma_v_Commissioner_of_Police.pdf,,,
82,"July 13, 2021",4100,1626114600000,4100,0,/assets/SC.svg,,"Justice A.S Bopanna, Justice vs Ramasubramanian ",Supreme Court,"The Supreme Courtwill decide whether certain provisions of the Special Marriage Act, 1954 (‘Act’) violate Articles 14, 15, and 21 of the Constitution of India, 1950. In her petition, she argued that the said provisions violated the fundamental rights guaranteed under the Constitution.",Coercion,Identity,,"inter-faith marriage, conversion, choice and coercion, women's honour, love jihad ",,"Section 6(2), 6(3), 7, 8, 9 and 10 of the Special Marriage Act, 1954 (SMA)",,,,,
83,"September 7, 2021",4150,1630953000000,4150,0, /assets/Kerala HC.svg,,"Justice S Manikumar, Chief Justice S P Chaly",Kerala High Court,Kerala High Courtdirects National Medical Commission to review Queerphobic MBBS texts,Gender Identity,,,LGBTQ,,"NALSA, Article 21, 14",,https://indiankanoon.org/doc/137384505/,,,
84,"November 17, 2021",4200,1637087400000,4200,0, /assets/Kerala HC.svg,,"Justice S Manikumar, Chief Justice S P Chaly",Kerala High Court,"The petition asked for reservation for transgenders in Kerala state emplyment. The judgement announced for census, monthly allowance to transgenders, financial aid, free education, reservation of seats in educational institutions",Reservation,,,,,"NALSA, Article 14,15,19,21",,https://indiankanoon.org/doc/90389347/,,,
85,"January 21, 2022",4250,1642703400000,4250,0, /assets/AP HC.svg,,Justice M.Satyanarayana Murthy,Andhra Pradesh High Court,"In the above judgment, the Court directed to implement horizontal reservation to transgenders based on gender. But, the judgment of the Apex Court in National Legal Services Authority vs Union of India (referred supra) is in its unambiguous terms, directed both the Centre and State Governments to take steps, treating the transgenders as socially and educationally backward communities and provide reservation i.e. vertical reservation. ",Reservation,,,,"""Though, Karnataka High Court granted horizontal reservation only to avoid the legal blocks in implementation of such direction, the Supreme Courtdid not visualize the bar contained in the upper limit of reservations in Centre and State Governments. However, it is difficult for me to come to any different conclusion than the direction issued by the Apex Court in National Legal Services Authority vs Union of India (referred supra). Therefore, I find that, in view of the judgment of the Apex Court in National Legal MSM,J WP_16770_2019 Services Authority vs Union of India (referred supra), the State is under obligation to provide only vertical reservations, but the percentage of reservations is not specified in the judgment. Therefore, it is appropriate to issue direction to the State to undertake study on the problems faced by transgenders, while holding that the reservation as directed by the Supreme Courtis only vertical and making provision for horizontal reservation based on sex or gender is contrary to the principles laid down by the Apex Court in the judgment of the Apex Court in National Legal Services Authority vs Union of India (referred supra) ex facie. Therefore, I am unable to agree with the principle laid down by the Karnataka High Court and Madras High Courts in the judgments referred supra to provide horizontal reservations to transgenders, in strict adherence to the directions issued by the Apex Court in National Legal Services Authority vs Union of India (referred supra)."" -  Progression of judgement lingo","NALSA, Article 226, 5, 14, 15",,https://indiankanoon.org/doc/136560884/,,,
86,"March 23, 2022",4300,1647973800000,4300,0, /assets/Karnataka HC.svg,,Justice M. Nagaprasanna,Karnataka High Court,Court held that Exception 2 to section 375 cannot give immunity to sex with brutality. A wife cannot be assumed to have given consent to brutal sex,Matrimonial Relations,Sexual Authorship,,"bodily integrity, sexual autonomy, right to privacy",,"Exception 2 to Section 375 IPC, Section 376 IPC",,"https://www.pressreader.com/india/hindustan-times-st-noida/20220509/281878711959725, https://www.livelaw.in/pdf_upload/89-hrishikesh-sahoo-v-state-of-karnataka-23-mar-2022-412964.pdf ",,\,
87,"May 1, 2022",4350,1651343400000,4350,0, /assets/Delhi HC.svg,,"Justice R Shakdher, Justice C Harishanker",Delhi High Court ,"The case led to a split judgement on marital rape. The right to withdraw consent at any point is core of women's liberty v/s ""consent is given as a part of spousal intimacy although the will to engage may be absent."" ",Matrimonial Relations,Sexual Authorship,,"sanctity of marriage, sexual authorship [consent],","Judgements language,-rape, sex as an emotional act,  signs of injury could be evidence of passion, legilslative route to strike a balance between individual dignity and misuse of legal remedies ","Section 372,  Clause 2, IPC, Articles 14,15,19,21",,"link, link",,,
88,"May 19, 2022",4400,1652898600000,4400,0,/assets/SC.svg,,"Justice L. N. Rao, Justice B.R. Gavai and Justice A.S. Bopanna",Supreme Court,"This order by the court recognized that basic protection under Article 21 of the Indian Constitution extends to sex workers and their children as well. 

The judgement further went on to make the final points: 
i. The police and other law enforcement agencies should be sensitised to the rights of sex workers who also enjoy all basic human rights and other rights guaranteed in the Constitution to all citizens.
ii. The Press Council of India should be urged to issue appropriate guidelines for the media to take utmost care not to reveal the identities of sex workers, during arrest, raid and rescue operations, whether as victims or accused and not to publish or telecast any photos that would result in disclosure of such identities.
iii. Whenever there is a raid on any brothel, since voluntary sex work is not illegal and only running the brothel is unlawful, the sex workers concerned should not be arrested or penalised or harassed or victimised.",Labour,,,Sex work,"""Court has categorically recognized that the basic protection of human decency and dignity under Article 21 of the Constitution of India extends to sex workers and their children, who, bearing the brunt of social stigma attached to their work, are removed to the fringes of the society, deprived of their right to live with dignity and opportunities to provide the same to their children.""","Article 21,  Immoral Traffic (Prevention) Act, 1956, ",,https://indiankanoon.org/doc/145721634/,,,
89,"July 28, 2022",4450,1658946600000,4450,0,/assets/SC.svg,,Justice Krishna Murari and Justice Kohli,Supreme Court,"The case holds that the mother can decide the surname of her child after death of biological father, and can decide child's adoption to another person/man as she is the sole surving natural guardian. The case highlights the value of surnames to only indicate lineage but also to ""create sustain and display family. """,Matrimonial Relations,,,"mother, natural guardian",Explore where wife emerges in the hierarchy of natural guardians,"Section 9 of the Hindu Adoption and Maintenance Act, Section 6 of the Hindu Minority and Adoption Act",,https://indiankanoon.org/doc/121271688/,,,
90,"August 17, 2022",4500,1660674600000,4500,0,/assets/Bihar HC.svg,,Chief Justice S Kumar,Patna High Court,"The cause of action was the denial of rations to certain portions of the transgender community during COVID. The petition, filed in the High Court of Patna in May 2020, prayed for 25 kgs. of rations for all members of the transgender community, monetary assistance for six months’ rent, a speedy grievance redressal system, and a one-stop facilitation centre. The judgment exhorted the governments to implement further welfare programmes for the transgender population.",Reservation,,,,"An affidavit filed by the State does indicate grant of benefit of reservation for certain posts, as a class to the Transgenders, in the category of OBC. If that were so, then how can such a benefit accorded, unless a person applies and not precluded from applying for the post.It appears that either the officers are working at cross purposes; without co-ordination; or not adequately sensitized, both of law as also the welfare measures undertaken by the State."" It drew on the Transgender Persons (Protection of Rights) Act, 2019, the Navtej Singh judgment, the NALSA judgment, and interestingly, the anti-discrimination protection in the International Convention of Civil and Political Rights, and the anti-discrimination and the adequate housing protections in the International Covenant on Economic, Social and Cultural Rights. ",NALSA ,,https://indiankanoon.org/doc/49258375/,,,
91,"September 29, 2022",4550,1664389800000,4550,0,/assets/SC.svg,,"Justice DY Chandrachud, Surya Kant and AS Bopanna",Supreme Court, The case upheld marital rape as form of rape under the Medical Termination of Pregnancy Act. The court also help that abortion rights should apply to all women irrespective of marital status. ,Matrimonial Relations,Sexual Authorship,,"sexual authorship, bodily autonomy,",The case notes that married women are also subject to sexual assult by their husbands and families are sites of sex-based violence in the context of abortion rights to married and unmarried women under MTP.,"Exception 2 to Section 375 IPC, Section 376 IPC, Section 3(B) of MTP, Article 21",,"link, https://www.tribuneindia.com/news/nation/abortion-laws-eased-sc-recognises-marital-rape-for-ending-pregnancy-436627 ",,,
92,"October 7, 2022",4600,1665081000000,4600,0,/assets/J&K HC.svg,,"Justice V Jhanji, T Doabia, M Jan",Jammu and Kashmir High Court,"The case notes that by marriage to a non-permanent resident, a woman permanent resident doesnt lose her status of permanent residency",Matrimonial Relations,Sexual Authorship,,property,"reference to Arthashastra, english common law and marriage as an institution wherein women's legal status was absorbed under man's",Sec 35A,,https://indiankanoon.org/doc/1409240/,,,
93,"October 11, 2022",4650,1665426600000,4650,0, /assets/Madras HC.svg,,Justice RS Kumar,Madras High Court,"After the sex re-assignment surgery, she had changed her name from the erstwhile birth name S.Santhosh Kumar to the present name S.Tamilselvi. She was denied entrance into a nursing course under the MBC quota. She approached the court challenging her being considered as a solely female candidate and not a transgender candidate. Judgement mandated a seperate quota to be introduced for TG community both for petitioner and in general.",Reservation,,,,,"Article 226, NALSA",,https://indiankanoon.org/doc/24761709/,,,